ID,Ngày t?o,Ng??i t?o,Ngày s?a,Ng??i s?a,Tr?ng thái,S? th? t?,Nhãn hi?u,Nhãn Nhãn hi?u,Mã s?n ph?m,Tên s?n ph?m,Ngành hàng,Nhãn Ngành hàng,Nhà cung c?p,Nhãn Nhà cung c?p,?VT ch?n,Nhãn ?VT ch?n,?VT l?,Nhãn ?VT l?,H? s? quy ??i,C?nh báo t?n kho,Giá nh?p,Giá nh?p l?,Giá,Giá l?,VAT,Nhãn VAT,Mô t?,Hình ?nh,Ngày c?p nh?t,Khóa,
681ed6fa76316b78116ffcf5,10/05/2025,?inh Ti?n D?ng,01/07/2025,?inh Ti?n D?ng,,246,POSM,POSM,241000001,Áo cho DSP n? dài tay,24,POSM,,,Cái,Cái,Cái,Cái,1,,0,0,0,0,0,0,,,,x,
681ed6fa76316b78116ffcf6,10/05/2025,?inh Ti?n D?ng,01/07/2025,?inh Ti?n D?ng,,247,POSM,POSM,241000003,Áo khoác mùa ?ông,24,POSM,,,Cái,Cái,Cái,Cái,1,,0,0,0,0,0,0,,,,x,
681ed6fa76316b78116ffcf7,10/05/2025,?inh Ti?n D?ng,01/07/2025,?inh Ti?n D?ng,,248,POSM,POSM,241000005,Áo s? mi ??ng ph?c Diligo nam,24,POSM,,,Cái,Cái,Cái,Cái,1,,0,0,0,0,0,0,,,,x,
681ed6fa76316b78116ffcf8,10/05/2025,?inh Ti?n D?ng,01/07/2025,?inh Ti?n D?ng,,249,POSM,POSM,241000006,Áo s? mi ??ng ph?c Diligo n?,24,POSM,,,Cái,Cái,Cái,Cái,1,,0,0,0,0,0,0,,,,x,
681ed6fa76316b78116ffcf9,10/05/2025,?inh Ti?n D?ng,01/07/2025,?inh Ti?n D?ng,,250,POSM,POSM,241000011,"Áo SUP, ASM n?",24,POSM,,,Cái,Cái,Cái,Cái,1,,0,0,0,0,0,0,,,,x,
681ed6fa76316b78116ffcfa,10/05/2025,?inh Ti?n D?ng,01/07/2025,?inh Ti?n D?ng,,251,POSM,POSM,241000012,Áo thun ??ng ph?c Diligo,24,POSM,,,Cái,Cái,Cái,Cái,1,,0,0,0,0,0,0,,,,x,
681ed6fa76316b78116ffcfb,10/05/2025,?inh Ti?n D?ng,01/07/2025,?inh Ti?n D?ng,,252,POSM,POSM,241000013,B?ng keo có logo D&G,24,POSM,,,Cái,Cái,Cái,Cái,1,,0,0,0,0,0,0,,,,x,
681ed6fa76316b78116ffcfc,10/05/2025,?inh Ti?n D?ng,01/07/2025,?inh Ti?n D?ng,,253,POSM,POSM,241000014,Báo cáo bán hàng,24,POSM,,,Cái,Cái,Cái,Cái,1,,0,0,0,0,0,0,,,,x,
681ed6fa76316b78116ffcfd,10/05/2025,?inh Ti?n D?ng,01/07/2025,?inh Ti?n D?ng,,254,POSM,POSM,241000015,B? selling kit_USM,24,POSM,,,Cái,Cái,Cái,Cái,1,,0,0,0,0,0,0,,,,x,
681ed6fa76316b78116ffcfe,10/05/2025,?inh Ti?n D?ng,01/07/2025,?inh Ti?n D?ng,,255,POSM,POSM,241000016,Booth,24,POSM,,,Cái,Cái,Cái,Cái,1,,0,0,0,0,0,0,,,,x,
681ed6fa76316b78116ffcff,10/05/2025,?inh Ti?n D?ng,01/07/2025,?inh Ti?n D?ng,,256,POSM,POSM,241000017,Catalogue D&G (cho kênh y t?),24,POSM,,,Cái,Cái,Cái,Cái,1,,0,0,0,0,0,0,,,,x,
681ed6fa76316b78116ffd00,10/05/2025,?inh Ti?n D?ng,01/07/2025,?inh Ti?n D?ng,,257,POSM,POSM,241000018,C?c th?y tinh,24,POSM,,,Cái,Cái,Cái,Cái,1,,0,0,0,0,0,0,,,,x,
681ed6fa76316b78116ffd01,10/05/2025,?inh Ti?n D?ng,01/07/2025,?inh Ti?n D?ng,,258,POSM,POSM,241000019,C?c th?y tinh LG36 không in logo,24,POSM,,,Cái,Cái,Cái,Cái,1,,0,0,0,0,0,0,,,,x,
681ed6fa76316b78116ffd02,10/05/2025,?inh Ti?n D?ng,01/07/2025,?inh Ti?n D?ng,,259,POSM,POSM,241000020,C? nan xoay k? VIP,24,POSM,,,Cái,Cái,Cái,Cái,1,,0,0,0,0,0,0,,,,x,
681ed6fa76316b78116ffd03,10/05/2025,?inh Ti?n D?ng,01/07/2025,?inh Ti?n D?ng,,260,POSM,POSM,241000021,D?i sticker,24,POSM,,,Cái,Cái,Cái,Cái,1,,0,0,0,0,0,0,,,,x,
681ed6fa76316b78116ffd04,10/05/2025,?inh Ti?n D?ng,01/07/2025,?inh Ti?n D?ng,,261,POSM,POSM,241000022,Decal dán t? kính,24,POSM,,,Cái,Cái,Cái,Cái,1,,0,0,0,0,0,0,,,,x,
681ed6fa76316b78116ffd05,10/05/2025,?inh Ti?n D?ng,01/07/2025,?inh Ti?n D?ng,,262,POSM,POSM,241000023,Decal k? xoay,24,POSM,,,Cái,Cái,Cái,Cái,1,,0,0,0,0,0,0,,,,x,
681ed6fa76316b78116ffd06,10/05/2025,?inh Ti?n D?ng,01/07/2025,?inh Ti?n D?ng,,263,POSM,POSM,241000024,Hanger (k? bàn ch?i treo t??ng BigC),24,POSM,,,Cái,Cái,Cái,Cái,1,,0,0,0,0,0,0,,,,x,
681ed6fa76316b78116ffd07,10/05/2025,?inh Ti?n D?ng,01/07/2025,?inh Ti?n D?ng,,264,POSM,POSM,241000025,K? bàn ch?i ?? bàn (k? l?c l?ng Lipzo),24,POSM,,,Cái,Cái,Cái,Cái,1,,0,0,0,0,0,0,,,,x,
681ed6fa76316b78116ffd08,10/05/2025,?inh Ti?n D?ng,01/07/2025,?inh Ti?n D?ng,,265,POSM,POSM,241000026,K? inox bàn ch?i 2 t?ng,24,POSM,,,Cái,Cái,Cái,Cái,1,,0,0,0,0,0,0,,,,x,
681ed6fa76316b78116ffd09,10/05/2025,?inh Ti?n D?ng,01/07/2025,?inh Ti?n D?ng,,266,POSM,POSM,241000027,K? inox Benben,24,POSM,,,Cái,Cái,Cái,Cái,1,,0,0,0,0,0,0,,,,x,
681ed6fa76316b78116ffd0a,10/05/2025,?inh Ti?n D?ng,01/07/2025,?inh Ti?n D?ng,,267,POSM,POSM,241000028,K? inox Minas,24,POSM,,,Cái,Cái,Cái,Cái,1,,0,0,0,0,0,0,,,,x,
681ed6fa76316b78116ffd0b,10/05/2025,?inh Ti?n D?ng,01/07/2025,?inh Ti?n D?ng,,268,POSM,POSM,241000029,K? inox tr?ng bày bàn ch?i,24,POSM,,,Cái,Cái,Cái,Cái,1,,0,0,0,0,0,0,,,,x,
681ed6fa76316b78116ffd0c,10/05/2025,?inh Ti?n D?ng,01/07/2025,?inh Ti?n D?ng,,269,POSM,POSM,241000030,K? s?t Hanger,24,POSM,,,Cái,Cái,Cái,Cái,1,,0,0,0,0,0,0,,,,x,
681ed6fa76316b78116ffd0d,10/05/2025,?inh Ti?n D?ng,01/07/2025,?inh Ti?n D?ng,,270,POSM,POSM,241000031,K? Super Vip,24,POSM,,,Cái,Cái,Cái,Cái,1,,0,0,0,0,0,0,,,,,
681ed6fa76316b78116ffd0e,10/05/2025,?inh Ti?n D?ng,01/07/2025,?inh Ti?n D?ng,,271,POSM,POSM,241000032,K? t?m bông Niva,24,POSM,,,Cái,Cái,Cái,Cái,1,,0,0,0,0,0,0,,,,x,
681ed6fa76316b78116ffd0f,10/05/2025,?inh Ti?n D?ng,01/07/2025,?inh Ti?n D?ng,,272,POSM,POSM,241000033,K? t?t inox,24,POSM,,,Cái,Cái,Cái,Cái,1,,0,0,0,0,0,0,,,,x,
681ed6fa76316b78116ffd10,10/05/2025,?inh Ti?n D?ng,01/07/2025,?inh Ti?n D?ng,,273,POSM,POSM,241000034,K? t?t s?t GT,24,POSM,,,Cái,Cái,Cái,Cái,1,,0,0,0,0,0,0,,,,x,
681ed6fa76316b78116ffd11,10/05/2025,?inh Ti?n D?ng,01/07/2025,?inh Ti?n D?ng,,274,POSM,POSM,241000035,K? tr?ng bày t?t MT,24,POSM,,,Cái,Cái,Cái,Cái,1,,0,0,0,0,0,0,,,,x,
681ed6fa76316b78116ffd12,10/05/2025,?inh Ti?n D?ng,01/07/2025,?inh Ti?n D?ng,,275,POSM,POSM,241000036,K? Vip Lipzo mi?n Nam,24,POSM,,,Cái,Cái,Cái,Cái,1,,0,0,0,0,0,0,,,,x,
681ed6fa76316b78116ffd13,10/05/2025,?inh Ti?n D?ng,01/07/2025,?inh Ti?n D?ng,,276,POSM,POSM,241000037,K? VIP t?ng h?p (tr?ng bày kh?n + bàn ch?i),24,POSM,,,Cái,Cái,Cái,Cái,1,,0,0,0,0,0,0,,,,x,
681ed6fa76316b78116ffd14,10/05/2025,?inh Ti?n D?ng,01/07/2025,?inh Ti?n D?ng,,277,POSM,POSM,241000038,K? X,24,POSM,,,Cái,Cái,Cái,Cái,1,,0,0,0,0,0,0,,,,,
681ed6fa76316b78116ffd15,10/05/2025,?inh Ti?n D?ng,01/07/2025,?inh Ti?n D?ng,,278,POSM,POSM,241000039,K? xoay 2 t?ng,24,POSM,,,Cái,Cái,Cái,Cái,1,,0,0,0,0,0,0,,,,x,
681ed6fa76316b78116ffd16,10/05/2025,?inh Ti?n D?ng,01/07/2025,?inh Ti?n D?ng,,279,POSM,POSM,241000040,K? xoay l?n,24,POSM,,,Cái,Cái,Cái,Cái,1,,0,0,0,0,0,0,,,,x,
681ed6fa76316b78116ffd17,10/05/2025,?inh Ti?n D?ng,01/07/2025,?inh Ti?n D?ng,,280,POSM,POSM,241000041,Mica tray có l?,24,POSM,,,Cái,Cái,Cái,Cái,1,,0,0,0,0,0,0,,,,x,
681ed6fa76316b78116ffd18,10/05/2025,?inh Ti?n D?ng,01/07/2025,?inh Ti?n D?ng,,281,POSM,POSM,241000042,Mica tray không l?,24,POSM,,,Cái,Cái,Cái,Cái,1,,0,0,0,0,0,0,,,,x,
681ed6fa76316b78116ffd19,10/05/2025,?inh Ti?n D?ng,01/07/2025,?inh Ti?n D?ng,,282,POSM,POSM,241000043,Mica tr?ng bày bàn ch?i,24,POSM,,,Cái,Cái,Cái,Cái,1,,0,0,0,0,0,0,,,,x,
681ed6fa76316b78116ffd1a,10/05/2025,?inh Ti?n D?ng,01/07/2025,?inh Ti?n D?ng,,283,POSM,POSM,241000044,M? b?o hi?m,24,POSM,,,Cái,Cái,Cái,Cái,1,,0,0,0,0,0,0,,,,x,
681ed6fa76316b78116ffd1b,10/05/2025,?inh Ti?n D?ng,01/07/2025,?inh Ti?n D?ng,,284,POSM,POSM,241000045,Poster,24,POSM,,,Cái,Cái,Cái,Cái,1,,0,0,0,0,0,0,,,,x,
681ed6fa76316b78116ffd1c,10/05/2025,?inh Ti?n D?ng,01/07/2025,?inh Ti?n D?ng,,285,POSM,POSM,241000046,Poster dùng treo qu?ng cáo,24,POSM,,,Cái,Cái,Cái,Cái,1,,0,0,0,0,0,0,,,,x,
681ed6fa76316b78116ffd1d,10/05/2025,?inh Ti?n D?ng,01/07/2025,?inh Ti?n D?ng,,286,POSM,POSM,241000047,Poster n??c r?a tay,24,POSM,,,Cái,Cái,Cái,Cái,1,,0,0,0,0,0,0,,,,x,
681ed6fa76316b78116ffd1e,10/05/2025,?inh Ti?n D?ng,01/07/2025,?inh Ti?n D?ng,,287,POSM,POSM,241000048,Selling kit,24,POSM,,,Cái,Cái,Cái,Cái,1,,0,0,0,0,0,0,,,,x,
681ed6fa76316b78116ffd1f,10/05/2025,?inh Ti?n D?ng,01/07/2025,?inh Ti?n D?ng,,288,POSM,POSM,241000049,Shelf talker,24,POSM,,,Cái,Cái,Cái,Cái,1,,0,0,0,0,0,0,,,,x,
681ed6fa76316b78116ffd20,10/05/2025,?inh Ti?n D?ng,01/07/2025,?inh Ti?n D?ng,,289,POSM,POSM,241000050,S? tay Diligo,24,POSM,,,Cái,Cái,Cái,Cái,1,,0,0,0,0,0,0,,,,x,
681ed6fa76316b78116ffd21,10/05/2025,?inh Ti?n D?ng,01/07/2025,?inh Ti?n D?ng,,290,POSM,POSM,241000051,Standee,24,POSM,,,Cái,Cái,Cái,Cái,1,,0,0,0,0,0,0,,,,x,
681ed6fa76316b78116ffd22,10/05/2025,?inh Ti?n D?ng,01/07/2025,?inh Ti?n D?ng,,291,POSM,POSM,241000052,Thùng ch? hàng Lipzo,24,POSM,,,Cái,Cái,Cái,Cái,1,,0,0,0,0,0,0,,,,x,
681ed6fa76316b78116ffd23,10/05/2025,?inh Ti?n D?ng,01/07/2025,?inh Ti?n D?ng,,292,POSM,POSM,241000053,T? bông,24,POSM,,,Cái,Cái,Cái,Cái,1,,0,0,0,0,0,0,,,,x,
681ed6fa76316b78116ffd24,10/05/2025,?inh Ti?n D?ng,01/07/2025,?inh Ti?n D?ng,,293,POSM,POSM,241000054,Túi Benben,24,POSM,,,Cái,Cái,Cái,Cái,1,,0,0,0,0,0,0,,,,x,
681ed6fa76316b78116ffd25,10/05/2025,?inh Ti?n D?ng,01/07/2025,?inh Ti?n D?ng,,294,POSM,POSM,241000055,Túi D&G - Diligo,24,POSM,,,Cái,Cái,Cái,Cái,1,,0,0,0,0,0,0,,,,x,
681ed6fa76316b78116ffd26,10/05/2025,?inh Ti?n D?ng,01/07/2025,?inh Ti?n D?ng,,295,POSM,POSM,241000056,Túi Diligo lo?i nh?,24,POSM,,,Cái,Cái,Cái,Cái,1,,0,0,0,0,0,0,,,,x,
681ed6fa76316b78116ffd27,10/05/2025,?inh Ti?n D?ng,01/07/2025,?inh Ti?n D?ng,,296,POSM,POSM,241000057,Túi Minas,24,POSM,,,Cái,Cái,Cái,Cái,1,,0,0,0,0,0,0,,,,x,
681ed6fa76316b78116ffd28,10/05/2025,?inh Ti?n D?ng,01/07/2025,?inh Ti?n D?ng,,297,POSM,POSM,241000058,Wobler bàn ch?i/ t?m bông/ kh?n,24,POSM,,,Cái,Cái,Cái,Cái,1,,0,0,0,0,0,0,,,,x,
681ed6fa76316b78116ffd29,10/05/2025,?inh Ti?n D?ng,01/07/2025,?inh Ti?n D?ng,,298,POSM,POSM,241000059,Catalogue sale kit bàn ch?i,24,POSM,,,Cái,Cái,Cái,Cái,1,,0,0,0,0,0,0,,,,x,
681ed6fa76316b78116ffd2a,10/05/2025,?inh Ti?n D?ng,01/07/2025,?inh Ti?n D?ng,,299,POSM,POSM,241000060,M? b?o hi?m có kính,24,POSM,,,Cái,Cái,Cái,Cái,1,,0,0,0,0,0,0,,,,x,
681ed6fa76316b78116ffd2b,10/05/2025,?inh Ti?n D?ng,01/07/2025,?inh Ti?n D?ng,,300,POSM,POSM,241000061,C?c s? Bát Tràng,24,POSM,,,Cái,Cái,Cái,Cái,1,,0,0,0,0,0,0,,,,x,
681ed6fa76316b78116ffd2c,10/05/2025,?inh Ti?n D?ng,01/07/2025,?inh Ti?n D?ng,,301,POSM,POSM,241000062,H?p quà t?ng Niva (lo?i nh?),24,POSM,,,Cái,Cái,Cái,Cái,1,,0,0,0,0,0,0,,,,x,
681ed6fa76316b78116ffd2d,10/05/2025,?inh Ti?n D?ng,01/07/2025,?inh Ti?n D?ng,,302,POSM,POSM,241000063,B? bát th?y tinh (g?m 5 chi?c) dùng cho CTKM,24,POSM,,,Cái,Cái,Cái,Cái,1,,0,0,0,0,0,0,,,,x,
681ed6fa76316b78116ffd2e,10/05/2025,?inh Ti?n D?ng,01/07/2025,?inh Ti?n D?ng,,303,POSM,POSM,241000064,Thùng ch? hàng Niva,24,POSM,,,Cái,Cái,Cái,Cái,1,,0,0,0,0,0,0,,,,x,
681ed6fa76316b78116ffd2f,10/05/2025,?inh Ti?n D?ng,01/07/2025,?inh Ti?n D?ng,,304,POSM,POSM,241000065,Khuôn thùng ch? hàng Lipzo,24,POSM,,,Cái,Cái,Cái,Cái,1,,0,0,0,0,0,0,,,,x,
681ed6fa76316b78116ffd30,10/05/2025,?inh Ti?n D?ng,01/07/2025,?inh Ti?n D?ng,,305,POSM,POSM,241000066,Khuôn thùng ch? hàng Niva,24,POSM,,,Cái,Cái,Cái,Cái,1,,0,0,0,0,0,0,,,,x,
681ed6fa76316b78116ffd31,10/05/2025,?inh Ti?n D?ng,01/07/2025,?inh Ti?n D?ng,,306,POSM,POSM,241000067,Váy ??ng ph?c Diligo,24,POSM,,,Cái,Cái,Cái,Cái,1,,0,0,0,0,0,0,,,,x,
681ed6fa76316b78116ffd32,10/05/2025,?inh Ti?n D?ng,01/07/2025,?inh Ti?n D?ng,,307,POSM,POSM,241000068,Banner siêu th?,24,POSM,,,Cái,Cái,Cái,Cái,1,,0,0,0,0,0,0,,,,x,
681ed6fa76316b78116ffd33,10/05/2025,?inh Ti?n D?ng,01/07/2025,?inh Ti?n D?ng,,308,POSM,POSM,241000069,H?p quà t?ng Niva (lo?i to),24,POSM,,,Cái,Cái,Cái,Cái,1,,0,0,0,0,0,0,,,,x,
681ed6fa76316b78116ffd34,10/05/2025,?inh Ti?n D?ng,01/07/2025,?inh Ti?n D?ng,,309,POSM,POSM,241000071,H?p quà t?ng Niva (lo?i nh?),24,POSM,,,Cái,Cái,Cái,Cái,1,,0,0,0,0,0,0,,,,x,
681ed6fa76316b78116ffd35,10/05/2025,?inh Ti?n D?ng,01/07/2025,?inh Ti?n D?ng,,310,POSM,POSM,241000072,Hanger demo s?n ph?m siêu th?,24,POSM,,,Cái,Cái,Cái,Cái,1,,0,0,0,0,0,0,,,,x,
681ed6fa76316b78116ffd36,10/05/2025,?inh Ti?n D?ng,01/07/2025,?inh Ti?n D?ng,,311,POSM,POSM,241000073,K? H,24,POSM,,,Cái,Cái,Cái,Cái,1,,0,0,0,0,0,0,,,,x,
681ed6fa76316b78116ffd37,10/05/2025,?inh Ti?n D?ng,01/07/2025,?inh Ti?n D?ng,,312,POSM,POSM,241000074,H?p gi?y tr?ng bày siêu th?,24,POSM,,,Cái,Cái,Cái,Cái,1,,0,0,0,0,0,0,,,,x,
681ed6fa76316b78116ffd38,10/05/2025,?inh Ti?n D?ng,01/07/2025,?inh Ti?n D?ng,,313,POSM,POSM,241000075,Dây treo,24,POSM,,,Cái,Cái,Cái,Cái,1,,0,0,0,0,0,0,,,,x,
681ed6fa76316b78116ffd39,10/05/2025,?inh Ti?n D?ng,01/07/2025,?inh Ti?n D?ng,,314,POSM,POSM,241000077,K? qu?y thu ngân (k? COC),24,POSM,,,Cái,Cái,Cái,Cái,1,,0,0,0,0,0,0,,,,x,
681ed6fa76316b78116ffd3a,10/05/2025,?inh Ti?n D?ng,09/08/2025,?inh Ti?n D?ng,,315,POSM,POSM,241000078,V? treo kem ?ánh r?ng Lipzo,24,POSM,,,Cái,Cái,Cái,Cái,1,,0,0,0,0,0,0,,,,,
681ed6fa76316b78116ffd3b,10/05/2025,?inh Ti?n D?ng,09/08/2025,?inh Ti?n D?ng,,316,POSM,POSM,241000079,V? treo t?m bông Niva,24,POSM,,,Cái,Cái,Cái,Cái,1,,0,0,0,0,0,0,,,,,
681ed6fa76316b78116ffd3c,10/05/2025,?inh Ti?n D?ng,01/07/2025,?inh Ti?n D?ng,,317,POSM,POSM,241000080,K? áp hông,24,POSM,,,Cái,Cái,Cái,Cái,1,,0,0,0,0,0,0,,,,x,
681ed6fa76316b78116ffd3d,10/05/2025,?inh Ti?n D?ng,01/07/2025,?inh Ti?n D?ng,,318,POSM,POSM,241000081,Hanger (k? bàn ch?i treo t??ng Vinmart),24,POSM,,,Cái,Cái,Cái,Cái,1,,0,0,0,0,0,0,,,,x,
681ed6fa76316b78116ffd3e,10/05/2025,?inh Ti?n D?ng,01/07/2025,?inh Ti?n D?ng,,319,POSM,POSM,241000082,Wobler kem ?ánh r?ng,24,POSM,,,Cái,Cái,Cái,Cái,1,,0,0,0,0,0,0,,,,x,
681ed6fa76316b78116ffd3f,10/05/2025,?inh Ti?n D?ng,01/07/2025,?inh Ti?n D?ng,,320,POSM,POSM,241000083,Catalogue cho h?i ch? qu?c t?,24,POSM,,,Cái,Cái,Cái,Cái,1,,0,0,0,0,0,0,,,,x,
681ed6fa76316b78116ffd40,10/05/2025,?inh Ti?n D?ng,01/07/2025,?inh Ti?n D?ng,,321,POSM,POSM,241000085,Demo bàn ch?i,24,POSM,,,Cái,Cái,Cái,Cái,1,,0,0,0,0,0,0,,,,x,
681ed6fa76316b78116ffd41,10/05/2025,?inh Ti?n D?ng,01/07/2025,?inh Ti?n D?ng,,322,POSM,POSM,241000086,V? h?p quà t?t,24,POSM,,,Cái,Cái,Cái,Cái,1,,0,0,0,0,0,0,,,,x,
681ed6fa76316b78116ffd42,10/05/2025,?inh Ti?n D?ng,01/07/2025,?inh Ti?n D?ng,,323,POSM,POSM,241000087,Qu?y bán hàng di ??ng Booth Sampling,24,POSM,,,Cái,Cái,Cái,Cái,1,,0,0,0,0,0,0,,,,x,
681ed6fa76316b78116ffd43,10/05/2025,?inh Ti?n D?ng,01/07/2025,?inh Ti?n D?ng,,324,POSM,POSM,241000088,Line k? MT,24,POSM,,,Cái,Cái,Cái,Cái,1,,0,0,0,0,0,0,,,,x,
681ed6fa76316b78116ffd44,10/05/2025,?inh Ti?n D?ng,01/07/2025,?inh Ti?n D?ng,,325,POSM,POSM,241000089,Catalogue Lipzo kt 32x43 cm,24,POSM,,,Cái,Cái,Cái,Cái,1,,0,0,0,0,0,0,,,,x,
681ed6fa76316b78116ffd45,10/05/2025,?inh Ti?n D?ng,01/07/2025,?inh Ti?n D?ng,,326,POSM,POSM,241000090,Window frame,24,POSM,,,Cái,Cái,Cái,Cái,1,,0,0,0,0,0,0,,,,x,
681ed6fa76316b78116ffd46,10/05/2025,?inh Ti?n D?ng,01/07/2025,?inh Ti?n D?ng,,327,POSM,POSM,241000091,Divider,24,POSM,,,Cái,Cái,Cái,Cái,1,,0,0,0,0,0,0,,,,x,
681ed6fa76316b78116ffd47,10/05/2025,?inh Ti?n D?ng,01/07/2025,?inh Ti?n D?ng,,328,POSM,POSM,241000092,Wobbler,24,POSM,,,Cái,Cái,Cái,Cái,1,,0,0,0,0,0,0,,,,x,
681ed6fa76316b78116ffd48,10/05/2025,?inh Ti?n D?ng,01/07/2025,?inh Ti?n D?ng,,329,POSM,POSM,241000093,Hình ?nh cho xe Trolly,24,POSM,,,Cái,Cái,Cái,Cái,1,,0,0,0,0,0,0,,,,x,
681ed6fa76316b78116ffd49,10/05/2025,?inh Ti?n D?ng,01/07/2025,?inh Ti?n D?ng,,330,POSM,POSM,241000094,Khay Lipzo OTC,24,POSM,,,Cái,Cái,Cái,Cái,1,,0,0,0,0,0,0,,,,x,
681ed6fa76316b78116ffd4a,10/05/2025,?inh Ti?n D?ng,01/07/2025,?inh Ti?n D?ng,,331,POSM,POSM,241000095,Catalogue OTC,24,POSM,,,Cái,Cái,Cái,Cái,1,,0,0,0,0,0,0,,,,x,
681ed6fa76316b78116ffd4b,10/05/2025,?inh Ti?n D?ng,01/07/2025,?inh Ti?n D?ng,,332,POSM,POSM,241000096,H?p ch?ng tr?m bàn ch?i ?i?n,24,POSM,,,Cái,Cái,Cái,Cái,1,,0,0,0,0,0,0,,,,x,
681ed6fa76316b78116ffd4c,10/05/2025,?inh Ti?n D?ng,01/07/2025,?inh Ti?n D?ng,,333,POSM,POSM,241000097,H?p Quà Chim Én 36x36x10,24,POSM,,,Cái,Cái,Cái,Cái,1,,0,0,0,0,0,0,,,,x,
681ed6fa76316b78116ffd4d,10/05/2025,?inh Ti?n D?ng,01/07/2025,?inh Ti?n D?ng,,334,POSM,POSM,241000098,H?p Quà Cao C?p  36x36x10,24,POSM,,,Cái,Cái,Cái,Cái,1,,0,0,0,0,0,0,,,,x,
681ed6fa76316b78116ffd4e,10/05/2025,?inh Ti?n D?ng,01/07/2025,?inh Ti?n D?ng,,335,POSM,POSM,241000099,K? quay,24,POSM,,,Cái,Cái,Cái,Cái,1,,0,0,0,0,0,0,,,,x,
681ed6fa76316b78116ffd4f,10/05/2025,?inh Ti?n D?ng,01/07/2025,?inh Ti?n D?ng,,336,POSM,POSM,241000100,Dây treo Bông t?y trang 1 dây,24,POSM,,,Cái,Cái,Cái,Cái,1,,0,0,0,0,0,0,,,,x,
681ed6fa76316b78116ffd50,10/05/2025,?inh Ti?n D?ng,01/07/2025,?inh Ti?n D?ng,,337,POSM,POSM,241000101,Dây treo Bông t?y trang 2 dây,24,POSM,,,Cái,Cái,Cái,Cái,1,,0,0,0,0,0,0,,,,x,
681ed6fa76316b78116ffd51,10/05/2025,?inh Ti?n D?ng,01/07/2025,?inh Ti?n D?ng,,338,POSM,POSM,241000102,Dây treo Bông t?y trang 3 dây,24,POSM,,,Cái,Cái,Cái,Cái,1,,0,0,0,0,0,0,,,,x,
681ed6fa76316b78116ffd52,10/05/2025,?inh Ti?n D?ng,01/07/2025,?inh Ti?n D?ng,,339,POSM,POSM,241000103,Dây treo Niva Kh?u trang 4D 2 dây,24,POSM,,,Cái,Cái,Cái,Cái,1,,0,0,0,0,0,0,,,,x,
681ed6fa76316b78116ffd53,10/05/2025,?inh Ti?n D?ng,01/07/2025,?inh Ti?n D?ng,,340,POSM,POSM,241000104,Dây treo Niva Kh?u trang 4D 3 dây,24,POSM,,,Cái,Cái,Cái,Cái,1,,0,0,0,0,0,0,,,,x,
681ed6fa76316b78116ffd54,10/05/2025,?inh Ti?n D?ng,01/07/2025,?inh Ti?n D?ng,,341,POSM,POSM,241000105,Dây treo Niva T?m bông thân gi?y 2 dây,24,POSM,,,Cái,Cái,Cái,Cái,1,,0,0,0,0,0,0,,,,x,
681ed6fa76316b78116ffd55,10/05/2025,?inh Ti?n D?ng,01/07/2025,?inh Ti?n D?ng,,342,POSM,POSM,241000106,Dây treo Niva T?m bông thân gi?y 3 dây,24,POSM,,,Cái,Cái,Cái,Cái,1,,0,0,0,0,0,0,,,,x,
681ed6fa76316b78116ffd56,10/05/2025,?inh Ti?n D?ng,01/07/2025,?inh Ti?n D?ng,,343,POSM,POSM,241000107,Dây treo Niva T?m bông thân g? 2 dây,24,POSM,,,Cái,Cái,Cái,Cái,1,,0,0,0,0,0,0,,,,x,
681ed6fa76316b78116ffd57,10/05/2025,?inh Ti?n D?ng,01/07/2025,?inh Ti?n D?ng,,344,POSM,POSM,241000108,Dây treo Niva T?m bông thân g? 3 dây,24,POSM,,,Cái,Cái,Cái,Cái,1,,0,0,0,0,0,0,,,,x,
681ed6fa76316b78116ffd58,10/05/2025,?inh Ti?n D?ng,01/07/2025,?inh Ti?n D?ng,,345,POSM,POSM,241000109,Dây treo Kem ?ánh r?ng 3 dây,24,POSM,,,Cái,Cái,Cái,Cái,1,,0,0,0,0,0,0,,,,x,
681ed6fa76316b78116ffd59,10/05/2025,?inh Ti?n D?ng,09/08/2025,?inh Ti?n D?ng,,346,POSM,POSM,241000110,V? treo K?R d??c li?u không dây,24,POSM,,,Cái,Cái,Cái,Cái,1,,0,0,0,0,0,0,,,,,
681ed6fa76316b78116ffd5a,10/05/2025,?inh Ti?n D?ng,01/07/2025,?inh Ti?n D?ng,,347,POSM,POSM,241000111,T? r?i Kem d??c li?u kênh OTC,24,POSM,,,Cái,Cái,Cái,Cái,1,,0,0,0,0,0,0,,,,x,
681ed6fa76316b78116ffd5b,10/05/2025,?inh Ti?n D?ng,01/07/2025,?inh Ti?n D?ng,,348,POSM,POSM,241000112,Hanger (k? treo t??ng Circle K),24,POSM,,,Cái,Cái,Cái,Cái,1,,0,0,0,0,0,0,,,,x,
681ed6fa76316b78116ffd5c,10/05/2025,?inh Ti?n D?ng,01/07/2025,?inh Ti?n D?ng,,349,POSM,POSM,241000113,Decal dán xe ??y siêu th?,24,POSM,,,Cái,Cái,Cái,Cái,1,,0,0,0,0,0,0,,,,x,
681ed6fa76316b78116ffd5d,10/05/2025,?inh Ti?n D?ng,01/07/2025,?inh Ti?n D?ng,,350,POSM,POSM,241100001,Catalogue sale kit th?i trang,24,POSM,,,Cái,Cái,Cái,Cái,1,,0,0,0,0,0,0,,,,x,
681ed6fa76316b78116ffd5e,10/05/2025,?inh Ti?n D?ng,01/07/2025,?inh Ti?n D?ng,,351,POSM,POSM,241100002,Catalogue Framcescamara,24,POSM,,,Cái,Cái,Cái,Cái,1,,0,0,0,0,0,0,,,,x,
681ed6fa76316b78116ffd5f,10/05/2025,?inh Ti?n D?ng,01/07/2025,?inh Ti?n D?ng,,352,POSM,POSM,241100003,T? bìa A4 Minas,24,POSM,,,Cái,Cái,Cái,Cái,1,,0,0,0,0,0,0,,,,x,
681ed6fa76316b78116ffd60,10/05/2025,?inh Ti?n D?ng,01/07/2025,?inh Ti?n D?ng,,353,POSM,POSM,241100004,T? r?i Minas A5,24,POSM,,,Cái,Cái,Cái,Cái,1,,0,0,0,0,0,0,,,,x,
681ed6fa76316b78116ffd61,10/05/2025,?inh Ti?n D?ng,01/07/2025,?inh Ti?n D?ng,,354,POSM,POSM,241100005,T? k? th?i trang 1.8m b?ng kính,24,POSM,,,Cái,Cái,Cái,Cái,1,,0,0,0,0,0,0,,,,x,
681ed6fa76316b78116ffd62,10/05/2025,?inh Ti?n D?ng,01/07/2025,?inh Ti?n D?ng,,355,POSM,POSM,241100006,T? k? th?i trang 1.8m b?ng g?,24,POSM,,,Cái,Cái,Cái,Cái,1,,0,0,0,0,0,0,,,,x,
681ed6fa76316b78116ffd63,10/05/2025,?inh Ti?n D?ng,01/07/2025,?inh Ti?n D?ng,,356,POSM,POSM,241100007,T? k? th?i trang 1.2m b?ng g?,24,POSM,,,Cái,Cái,Cái,Cái,1,,0,0,0,0,0,0,,,,x,
681ed6fa76316b78116ffd64,10/05/2025,?inh Ti?n D?ng,01/07/2025,?inh Ti?n D?ng,,357,POSM,POSM,241100008,S?n xu?t m?i top minas,24,POSM,,,Cái,Cái,Cái,Cái,1,,0,0,0,0,0,0,,,,x,
681ed6fa76316b78116ffd65,10/05/2025,?inh Ti?n D?ng,01/07/2025,?inh Ti?n D?ng,,358,POSM,POSM,241100009,Dangler,24,POSM,,,Cái,Cái,Cái,Cái,1,,0,0,0,0,0,0,,,,x,
62060f5cfae15494129a2b31,11/02/2022,Anh Nhi?m,31/08/2025,?inh Ti?n D?ng,,1,Niva,Niva,401000001,Túi zipper ng??i l?n 60 que nh?a AZ1,40.10,T?m bông,,,L?c,L?c,Túi,Túi,48,,213840,4455,213840,4455,8,8,,"http://dms.diligo.vn:4002/viewimage?url=Files/606d751c9955a8243b7caf73/Images/1662453644970.jpg,",01/08/2022 00:00:00,,
62060f5cfae15494129a2b32,11/02/2022,Anh Nhi?m,03/09/2025,?inh Ti?n D?ng,,2,Niva,Niva,401000002,Túi zipper ng??i l?n 100 que nh?a AZ2,40.10,T?m bông,,,L?c,L?c,Túi,Túi,48,,311088,6481,311088,6481,8,8,,http://dms.diligo.vn:4002/viewimage?url=Files/606d751c9955a8243b7caf73/Images/1662453692335.jpg,17/08/2022 00:00:00,,
62060f5cfae15494129a2b33,11/02/2022,Anh Nhi?m,03/09/2025,?inh Ti?n D?ng,,3,Niva,Niva,401000003,Túi zipper ng??i l?n 200 que nh?a AZ3,40.10,T?m bông,,,L?c,L?c,Túi,Túi,24,,266184,11091,266184,11091,8,8,,http://dms.diligo.vn:4002/viewimage?url=Files/606d751c9955a8243b7caf73/Images/1662453731040.jpg,17/08/2022 00:00:00,,
62060f5cfae15494129a2b34,11/02/2022,Anh Nhi?m,31/08/2025,?inh Ti?n D?ng,,4,Niva,Niva,401000004,H? xoay ng??i l?n 100 que nh?a AH1,40.10,T?m bông,,,L?c,L?c,H?,H?,24,,291120,12130,291120,12130,8,8,,http://dms.diligo.vn:4002/viewimage?url=Files/606d751c9955a8243b7caf73/Images/1662453771950.jpg,17/08/2022 00:00:00,,
62060f5cfae15494129a2b35,11/02/2022,Anh Nhi?m,01/09/2025,?inh Ti?n D?ng,,5,Niva,Niva,401000005,H? xoay ng??i l?n 200 que nh?a AH2,40.10,T?m bông,,,L?c,L?c,H?,H?,24,,444456,18519,444456,18519,8,8,,http://dms.diligo.vn:4002/viewimage?url=Files/606d751c9955a8243b7caf73/Images/1662453817502.jpg,17/08/2022 00:00:00,,
62060f5cfae15494129a2b36,11/02/2022,Anh Nhi?m,01/09/2025,?inh Ti?n D?ng,,6,Niva,Niva,401000006,H? xoay tr? em 150 que nh?a BH1,40.10,T?m bông,,,L?c,L?c,H?,H?,24,,355560,14815,355560,14815,8,8,,http://dms.diligo.vn:4002/viewimage?url=Files/606d751c9955a8243b7caf73/Images/1662453878773.jpg,17/08/2022 00:00:00,,
62060f5cfae15494129a2b37,11/02/2022,Anh Nhi?m,31/08/2025,?inh Ti?n D?ng,,7,Niva,Niva,401000007,H? xoay ng??i l?n 100 que gi?y AJ1,40.10,T?m bông,,,L?c,L?c,H?,H?,24,,340008,14167,340008,14167,8,8,,http://dms.diligo.vn:4002/viewimage?url=Files/606d751c9955a8243b7caf73/Images/1662458007611.jpg,17/08/2022 00:00:00,,
62060f5cfae15494129a2b38,11/02/2022,Anh Nhi?m,01/09/2025,?inh Ti?n D?ng,,8,Niva,Niva,401000008,H? xoay ng??i l?n 200 que gi?y AJ2,40.10,T?m bông,,,L?c,L?c,H?,H?,24,,606672,25278,606672,25278,8,8,,http://dms.diligo.vn:4002/viewimage?url=Files/606d751c9955a8243b7caf73/Images/1662458045239.jpg,17/08/2022 00:00:00,,
6278c4c76520773c511dda1d,09/05/2022,Lê V?n C?,01/07/2025,?inh Ti?n D?ng,,9,Niva,Niva,401000009,H? xoay ng??i l?n 100 que gi?y ?en AJC1,40.10,T?m bông,,,L?c,L?c,H?,H?,24,,434184,18091,434184,18091,8,8,,http://dms.diligo.vn:4002/viewimage?url=Files/606d751c9955a8243b7caf73/Images/1662458143530.jpg,17/08/2022 00:00:00,,
62060f5cfae15494129a2b3d,11/02/2022,Anh Nhi?m,01/09/2025,?inh Ti?n D?ng,,10,Niva,Niva,401000025,Túi zipper ng??i l?n 100 que gi?y AZP2,40.10,T?m bông,,,L?c,L?c,Túi,Túi,48,,582240,12130,582240,12130,8,8,,http://dms.diligo.vn:4002/viewimage?url=Files/606d751c9955a8243b7caf73/Images/1662458187149.jpg,17/08/2022 00:00:00,,
62060f5cfae15494129a2b3e,11/02/2022,Anh Nhi?m,01/09/2025,?inh Ti?n D?ng,,11,Niva,Niva,401000026,Túi zipper ng??i l?n 200 que gi?y AZP3,40.10,T?m bông,,,L?c,L?c,Túi,Túi,24,,499992,20833,499992,20833,8,8,,http://dms.diligo.vn:4002/viewimage?url=Files/606d751c9955a8243b7caf73/Images/1662458217122.jpg,17/08/2022 00:00:00,,
62060f5cfae15494129a2b3f,11/02/2022,Anh Nhi?m,01/09/2025,?inh Ti?n D?ng,,12,Niva,Niva,401000031,Túi zipper tr? em 200 que gi?y BZP1,40.10,T?m bông,,,L?c,L?c,Túi,Túi,48,,1088880,22685,1088880,22685,8,8,,http://dms.diligo.vn:4002/viewimage?url=Files/606d751c9955a8243b7caf73/Images/1662458257456.jpg,17/08/2022 00:00:00,,
62060f5cfae15494129a2b40,11/02/2022,Anh Nhi?m,01/09/2025,?inh Ti?n D?ng,,13,Niva,Niva,401000034,H? xoay tr? em 200 que gi?y BHP1,40.10,T?m bông,,,L?c,L?c,H?,H?,24,,655560,27315,655560,27315,8,8,,http://dms.diligo.vn:4002/viewimage?url=Files/606d751c9955a8243b7caf73/Images/1662458307910.jpg,17/08/2022 00:00:00,,
62060f5cfae15494129a2b41,11/02/2022,Anh Nhi?m,31/08/2025,?inh Ti?n D?ng,,14,Niva,Niva,401000036,H? xoay tr? em 400 que gi?y BHP2,40.10,T?m bông,,,L?c,L?c,H?,H?,24,,1066920,44455,1066920,44455,8,8,,http://dms.diligo.vn:4002/viewimage?url=Files/606d751c9955a8243b7caf73/Images/1662458340272.jpg,17/08/2022 00:00:00,,
683ec78595fed16c1443e0b1,03/06/2025,Nguy?n Quang D?ng,31/08/2025,?inh Ti?n D?ng,,361,Niva,Niva,401000059,H? xoay ng??i l?n 200 que g? WO1,40.10,T?m bông,,,L?c,L?c,H?,H?,24,,528888,22037,528888,22037,8,8,,,,,
683ec68595fed16c1443e019,03/06/2025,Nguy?n Quang D?ng,31/08/2025,?inh Ti?n D?ng,,359,Niva,Niva,401000060,H? xoay tr? em 220 que gi?y ??u h? lô WB1,40.10,T?m bông,,,L?c,L?c,H?,H?,24,,644448,26852,644448,26852,8,8,,,,,
683ec71495fed16c1443e099,03/06/2025,Nguy?n Quang D?ng,01/07/2025,?inh Ti?n D?ng,,360,Niva,Niva,401000061,H? xoay tr? em 400 que nh?a BB2,40.10,T?m bông,,,L?c,L?c,H?,H?,24,,811104,33796,811104,33796,8,8,,,,,
62060f5cfae15494129a2b42,11/02/2022,Anh Nhi?m,30/08/2025,?inh Ti?n D?ng,,15,Niva,Niva,401200001,Bông viên YC1,40.12,Bông viên,,,L?c,L?c,Túi,Túi,30,,142860,4762,142860,4762,5,5,,http://dms.diligo.vn:4002/viewimage?url=Files/606d751c9955a8243b7caf73/Images/1662458527877.jpg,17/08/2022 00:00:00,,
62060f5cfae15494129a2b43,11/02/2022,Anh Nhi?m,01/09/2025,?inh Ti?n D?ng,,16,Niva,Niva,401200002,Bông viên YC2,40.12,Bông viên,,,L?c,L?c,Túi,Túi,20,,142860,7143,142860,7143,5,5,,http://dms.diligo.vn:4002/viewimage?url=Files/606d751c9955a8243b7caf73/Images/1662458534737.jpg,17/08/2022 00:00:00,,
67dd32d818c9f0e01129834c,21/03/2025,Nguy?n Quang D?ng,01/07/2025,?inh Ti?n D?ng,,17,Niva,Niva,401200003,Bông viên YC3,40.12,Bông viên,,,L?c,L?c,Túi,Túi,16,0,200000,10000,200000,10000,5,5,,,,,
62060f5cfae15494129a2b45,11/02/2022,Anh Nhi?m,02/07/2025,?inh Ti?n D?ng,,17,Niva,Niva,401200004,Bông viên YB1,40.12,Bông viên,,,L?c,L?c,Túi,Túi,12,,171432,14286,171432,14286,5,5,,http://dms.diligo.vn:4002/viewimage?url=Files/606d751c9955a8243b7caf73/Images/1662458651532.jpg,17/08/2022 00:00:00,,
62060f5cfae15494129a2b46,11/02/2022,Anh Nhi?m,01/07/2025,?inh Ti?n D?ng,,18,Niva,Niva,401200005,Bông viên YB2,40.12,Bông viên,,,L?c,L?c,Túi,Túi,5,,114285,22857,114285,22857,5,5,,http://dms.diligo.vn:4002/viewimage?url=Files/606d751c9955a8243b7caf73/Images/1662458659126.jpg,17/08/2022 00:00:00,,
62060f5cfae15494129a2b47,11/02/2022,Anh Nhi?m,01/07/2025,?inh Ti?n D?ng,,19,Niva,Niva,401300001,Bông trang ?i?m CP1,40.13,Bông trang ?i?m,,,L?c,L?c,H?p,H?p,24,,399264,16636,399264,16636,8,8,,http://dms.diligo.vn:4002/viewimage?url=Files/606d751c9955a8243b7caf73/Images/1662611927810.jpg,17/08/2022 00:00:00,,
62060f5cfae15494129a2b48,11/02/2022,Anh Nhi?m,01/08/2025,?inh Ti?n D?ng,,20,Niva,Niva,401300002,Bông trang ?i?m CP2,40.13,Bông trang ?i?m,,,L?c,L?c,H?p,H?p,12,,321816,26818,321816,26818,8,8,,http://dms.diligo.vn:4002/viewimage?url=Files/606d751c9955a8243b7caf73/Images/1662611935515.jpg,17/08/2022 00:00:00,,
62060f5cfae15494129a2b49,11/02/2022,Anh Nhi?m,20/08/2025,?inh Ti?n D?ng,,21,Niva,Niva,401300006,Bông trang ?i?m Niva CPZ2,40.13,Bông trang ?i?m,,,L?c,L?c,Túi,Túi,8,,214544,26818,214544,26818,8,8,,,17/08/2022 00:00:00,,
62060f5cfae15494129a2b4a,11/02/2022,Anh Nhi?m,30/08/2025,?inh Ti?n D?ng,,22,Niva,Niva,401300007,Bông t?y trang tròn CZ2,40.13,Bông trang ?i?m,,,L?c,L?c,Túi,Túi,12,,381816,31818,381816,31818,8,8,,http://dms.diligo.vn:4002/viewimage?url=Files/606d751c9955a8243b7caf73/Images/1662612127206.jpg,17/08/2022 00:00:00,,
626906c4fae15494129a4cfb,27/04/2022,Lê V?n C?,03/09/2025,?inh Ti?n D?ng,,23,Niva,Niva,401300008,Bông t?y trang CZ2 khuy?n mãi 30%,40.13,Bông trang ?i?m,,,L?c,L?c,Túi,Túi,24,,763632,31818,763632,31818,8,8,,http://dms.diligo.vn:4002/viewimage?url=Files/606d751c9955a8243b7caf73/Images/1662612135237.jpg,17/08/2022 00:00:00,,
674531330d35a9d812deeced,26/11/2024,Nguyên Quang D?ng,30/08/2025,?inh Ti?n D?ng,,229,Niva,Niva,401300010,Bông t?y trang tròn 60 mi?ng CT2,40.13,Bông trang ?i?m,,,L?c,L?c,Túi,Túi,12,,144444.48,12037.04,144444,12037,8,8,,,,,
6745317e0d35a9d812deecf1,26/11/2024,Nguyên Quang D?ng,31/08/2025,?inh Ti?n D?ng,,230,Niva,Niva,401300011,Bông t?y trang tròn 120 mi?ng CT3,40.13,Bông trang ?i?m,,,L?c,L?c,Túi,Túi,12,,277777.8,23148.15,277777,23148,8,8,,,,,
674531bf0d35a9d812deecf4,26/11/2024,Nguyên Quang D?ng,31/08/2025,?inh Ti?n D?ng,,231,Niva,Niva,401300012,Bông t?y trang tròn 180 mi?ng CT4,40.13,Bông trang ?i?m,,,L?c,L?c,Túi,Túi,12,,422222.28,35185.19,422222,35185,8,8,,,,,
67ce749718c9f0e011292146,10/03/2025,Nguy?n Quang D?ng,30/08/2025,?inh Ti?n D?ng,,232,Niva,Niva,401300015,Bông t?y trang vuông CV2 120 mi?ng,40.13,Bông trang ?i?m,,,L?c,L?c,Túi,Túi,8,,225928,28241,225928,28241,8,8,,,,,
67ce752718c9f0e01129214a,10/03/2025,Nguy?n Quang D?ng,21/08/2025,?inh Ti?n D?ng,,233,Niva,Niva,401300016,Bông t?y trang vuông CV3 210 mi?ng,40.13,Bông trang ?i?m,,,L?c,L?c,Túi,Túi,4,,183336,45834,183336,45834,8,8,,,10/03/2025 00:00:00,,
6729a3140d35a9d812dd8e9d,05/11/2024,Nguyên Quang D?ng,30/08/2025,?inh Ti?n D?ng,,228,Niva,Niva,401400001,Bông t?m c?n 100pcs,40.12,Bông viên,,,L?c,L?c,H?p,H?p,6,,104166.66,17361.11,104166,17361,8,8,,,,,
62331a09fae15494129a3c44,17/03/2022,Anh Nhi?m,01/07/2025,?inh Ti?n D?ng,,24,Niva,Niva,409800069,MUA 1 h? t?m bông AJ2 T?NG 1 túi t?m bông AZ1,40.10,T?m bông,,,L?c,L?c,B?,B?,9,,207000,23000,207000,23000,8,8,,,17/08/2022 00:00:00,,
62331a09fae15494129a3c45,17/03/2022,Anh Nhi?m,01/07/2025,?inh Ti?n D?ng,,25,Niva,Niva,409800070,MUA 2 túi t?m bông AZ2 T?NG 1 túi t?m bông AZ1,40.10,T?m bông,,,L?c,L?c,B?,B?,9,,108000,12000,108000,12000,8,8,,,17/08/2022 00:00:00,,
6572de96e47c852c233a3a8e,08/12/2023,Nguyên Quang D?ng,01/07/2025,?inh Ti?n D?ng,,204,Niva,Niva,409800083,Mua 3 gói bông t?y trang tròn CZ2 t?ng 1 gói bông t?y trang tròn CZ2,40.13,Bông trang ?i?m,,,L?c,L?c,B?,B?,8,,763648,95456,763648,95456,8,8,,,,,
62060f5cfae15494129a2b4c,11/02/2022,Anh Nhi?m,03/09/2025,?inh Ti?n D?ng,,26,Lipzo,Lipzo,411000001,Bàn ch?i Lipzo Pro for Man,41.10,Bàn ch?i,,,L?c,L?c,Cái,Cái,24,,555552,23148,555552,23148,8,8,,,17/08/2022 00:00:00,,
62060f5cfae15494129a2b4d,11/02/2022,Anh Nhi?m,03/09/2025,?inh Ti?n D?ng,,27,Lipzo,Lipzo,411000002,Bàn ch?i Lipzo Crystal Love for Man,41.10,Bàn ch?i,,,L?c,L?c,Cái,Cái,24,,388896,16204,388896,16204,8,8,,,17/08/2022 00:00:00,,
62060f5cfae15494129a2b4e,11/02/2022,Anh Nhi?m,01/09/2025,?inh Ti?n D?ng,,28,Lipzo,Lipzo,411000003,Bàn ch?i Lipzo Crystal Love for Girl,41.10,Bàn ch?i,,,L?c,L?c,Cái,Cái,24,,388896,16204,388896,16204,8,8,,,17/08/2022 00:00:00,,
62060f5cfae15494129a2b4f,11/02/2022,Anh Nhi?m,01/07/2025,?inh Ti?n D?ng,,29,Lipzo,Lipzo,411000004,Bàn ch?i Lipzo Crystal Love b? 3,41.98,B? bàn ch?i,,,L?c,L?c,B?,B?,12,,458184,38182,458184,38182,8,8,,,17/08/2022 00:00:00,,
62060f5cfae15494129a2b50,11/02/2022,Anh Nhi?m,03/09/2025,?inh Ti?n D?ng,,30,Lipzo,Lipzo,411000005,Bàn ch?i Lipzo Ruby sensi,41.10,Bàn ch?i,,,L?c,L?c,Cái,Cái,24,,457776,19074,457776,19074,8,8,,,17/08/2022 00:00:00,,
62060f5cfae15494129a2b52,11/02/2022,Anh Nhi?m,01/08/2025,?inh Ti?n D?ng,,31,Lipzo,Lipzo,411000007,Bàn ch?i Lipzo Wow 3 màu khay,41.10,Bàn ch?i,,,L?c,L?c,Cái,Cái,24,,302232,12593,302232,12593,8,8,,,17/08/2022 00:00:00,,
62060f5cfae15494129a2b53,11/02/2022,Anh Nhi?m,20/08/2025,?inh Ti?n D?ng,,32,Lipzo,Lipzo,411000008,Bàn ch?i Lipzo Wow 3 màu v?,41.10,Bàn ch?i,,,L?c,L?c,Cái,Cái,24,,302232,12593,302232,12593,8,8,,,17/08/2022 00:00:00,,
62060f5cfae15494129a2b54,11/02/2022,Anh Nhi?m,01/07/2025,?inh Ti?n D?ng,,33,Lipzo,Lipzo,411000009,Bàn ch?i Lipzo Wow 3 màu b? 3,41.98,B? bàn ch?i,,,L?c,L?c,B?,B?,12,,327276,27273,327276,27273,8,8,,,17/08/2022 00:00:00,,
62060f5cfae15494129a2b55,11/02/2022,Anh Nhi?m,03/09/2025,?inh Ti?n D?ng,,34,Lipzo,Lipzo,411000012,Bàn ch?i Lipzo Flex khay,41.10,Bàn ch?i,,,L?c,L?c,Cái,Cái,24,,205080,8545,205080,8545,8,8,,,17/08/2022 00:00:00,,
62060f5cfae15494129a2b56,11/02/2022,Anh Nhi?m,03/09/2025,?inh Ti?n D?ng,,35,Lipzo,Lipzo,411000013,Bàn ch?i Lipzo Flex v?,41.10,Bàn ch?i,,,L?c,L?c,Cái,Cái,24,,205080,8545,205080,8545,8,8,,,17/08/2022 00:00:00,,
62060f5cfae15494129a2b57,11/02/2022,Anh Nhi?m,31/08/2025,?inh Ti?n D?ng,,36,Lipzo,Lipzo,411000014,Bàn ch?i Lipzo GPro,41.10,Bàn ch?i,,,L?c,L?c,Cái,Cái,24,,737784,30741,737784,30741,8,8,,,17/08/2022 00:00:00,,
62060f5cfae15494129a2b58,11/02/2022,Anh Nhi?m,01/09/2025,?inh Ti?n D?ng,,37,Lipzo,Lipzo,411000015,Bàn ch?i Lipzo Ruby Charcoal,41.10,Bàn ch?i,,,L?c,L?c,Cái,Cái,24,,667632,27818,667632,27818,8,8,,,17/08/2022 00:00:00,,
62060f5cfae15494129a2b59,11/02/2022,Anh Nhi?m,20/08/2025,?inh Ti?n D?ng,,38,Lipzo,Lipzo,411000016,Bàn ch?i Lipzo Ruby Gold,41.10,Bàn ch?i,,,L?c,L?c,Cái,Cái,24,,667632,27818,667632,27818,8,8,,,17/08/2022 00:00:00,,
62060f5cfae15494129a2b5a,11/02/2022,Anh Nhi?m,31/08/2025,?inh Ti?n D?ng,,39,Lipzo,Lipzo,411000017,Bàn ch?i Lipzo WOW Gold,41.10,Bàn ch?i,,,L?c,L?c,Cái,Cái,24,,544440,22685,544440,22685,8,8,,,17/08/2022 00:00:00,,
62060f5cfae15494129a2b5b,11/02/2022,Anh Nhi?m,31/07/2025,?inh Ti?n D?ng,,40,Lipzo,Lipzo,411000018,Bàn ch?i Lipzo WOW Charcoal,41.10,Bàn ch?i,,,L?c,L?c,Cái,Cái,24,,544440,22685,544440,22685,8,8,,,17/08/2022 00:00:00,,
62060f5cfae15494129a2b5c,11/02/2022,Anh Nhi?m,01/09/2025,?inh Ti?n D?ng,,41,Lipzo,Lipzo,411000019,Bàn ch?i Lipzo Crystal Kids,41.10,Bàn ch?i,,,L?c,L?c,Cái,Cái,24,,404448,16852,404448,16852,8,8,,,17/08/2022 00:00:00,,
62060f5cfae15494129a2b5d,11/02/2022,Anh Nhi?m,03/09/2025,?inh Ti?n D?ng,,42,Lipzo,Lipzo,411000020,Bàn ch?i Lipzo Kids S1,41.10,Bàn ch?i,,,L?c,L?c,Cái,Cái,24,,764448,31852,764448,31852,8,8,,,17/08/2022 00:00:00,,
62060f5cfae15494129a2b5e,11/02/2022,Anh Nhi?m,01/09/2025,?inh Ti?n D?ng,,43,Lipzo,Lipzo,411000021,Bàn ch?i Lipzo Kids S2,41.10,Bàn ch?i,,,L?c,L?c,Cái,Cái,24,,355560,14815,355560,14815,8,8,,,17/08/2022 00:00:00,,
62060f5cfae15494129a2b64,11/02/2022,Anh Nhi?m,01/07/2025,?inh Ti?n D?ng,,44,Lipzo,Lipzo,411000055,Bàn ch?i Lipzo Hello gold v?,41.10,Bàn ch?i,,,L?c,L?c,Cái,Cái,24,,229080,9545,229080,9545,8,8,,,17/08/2022 00:00:00,,
62060f5cfae15494129a2b66,11/02/2022,Anh Nhi?m,30/08/2025,?inh Ti?n D?ng,,45,Lipzo,Lipzo,411000057,Bàn ch?i Lipzo Hello v? th??ng,41.10,Bàn ch?i,,,L?c,L?c,Cái,Cái,24,,192000,8000,192000,8000,8,8,,,17/08/2022 00:00:00,,
62060f5cfae15494129a2b67,11/02/2022,Anh Nhi?m,01/07/2025,?inh Ti?n D?ng,,46,Lipzo,Lipzo,411000061,Bàn ch?i Lipzo Hello gold khay,41.10,Bàn ch?i,,,L?c,L?c,Cái,Cái,24,,229080,9545,229080,9545,8,8,,,17/08/2022 00:00:00,,
62060f5cfae15494129a2b69,11/02/2022,Anh Nhi?m,31/08/2025,?inh Ti?n D?ng,,47,Lipzo,Lipzo,411000063,Bàn ch?i Lipzo Hello th??ng (khay c?m),41.10,Bàn ch?i,,,L?c,L?c,Cái,Cái,24,,154920,6455,154920,6455,8,8,,,17/08/2022 00:00:00,,
62060f5cfae15494129a2b6a,11/02/2022,Anh Nhi?m,31/08/2025,?inh Ti?n D?ng,,48,Lipzo,Lipzo,411000065,Bàn ch?i Maxcare,41.10,Bàn ch?i,,,L?c,L?c,Cái,Cái,24,,399264,16636,399264,16636,8,8,,,17/08/2022 00:00:00,,
62060f5cfae15494129a2b6b,11/02/2022,Anh Nhi?m,30/08/2025,?inh Ti?n D?ng,,49,Lipzo,Lipzo,411000066,Bàn ch?i Maxcare X,41.10,Bàn ch?i,,,L?c,L?c,Cái,Cái,24,,466920,19455,466920,19455,8,8,,,17/08/2022 00:00:00,,
62060f5cfae15494129a2b6c,11/02/2022,Anh Nhi?m,31/08/2025,?inh Ti?n D?ng,,50,Lipzo,Lipzo,411000078,Bàn ch?i Lipzo áo dài,41.10,Bàn ch?i,,,L?c,L?c,Cái,Cái,24,,621816,25909,621816,25909,8,8,,,14/08/2022 00:00:00,,
62060f5cfae15494129a2b6d,11/02/2022,Anh Nhi?m,01/07/2025,?inh Ti?n D?ng,,51,Lipzo,Lipzo,411000079,Bàn ch?i Lipzo áo dài c? l?n,41.10,Bàn ch?i,,,L?c,L?c,Cái,Cái,12,,310908,25909,310908,25909,8,8,,,14/08/2022 00:00:00,,
62060f5cfae15494129a2b6e,11/02/2022,Anh Nhi?m,03/09/2025,?inh Ti?n D?ng,,52,Lipzo,Lipzo,411000102,Bàn ch?i Lipzo Kids S3,41.10,Bàn ch?i,,,L?c,L?c,Cái,Cái,24,,682224,28426,682224,28426,8,8,,,17/08/2022 00:00:00,,
62060f5cfae15494129a2b6f,11/02/2022,Anh Nhi?m,01/07/2025,?inh Ti?n D?ng,,53,Lipzo,Lipzo,411000103,Bàn ch?i Lipzo Cool,41.10,Bàn ch?i,,,L?c,L?c,Cái,Cái,12,,300000,25000,300000,25000,8,8,,,17/08/2022 00:00:00,,
625d2ac6fae15494129a4c3b,18/04/2022,Lê V?n C?,31/08/2025,?inh Ti?n D?ng,,54,Lipzo,Lipzo,411000105,Bàn ch?i cao c?p Procare,41.10,Bàn ch?i,,,L?c,L?c,Cái,Cái,24,,933333.36,38888.89,933333,38888,8,8,,,17/08/2022 00:00:00,,
625d2ac6fae15494129a4c3c,18/04/2022,Lê V?n C?,31/08/2025,?inh Ti?n D?ng,,55,Lipzo,Lipzo,411000106,Bàn ch?i cao c?p Sensitive,41.10,Bàn ch?i,,,L?c,L?c,Cái,Cái,24,,855555.6,35648.15,855555,35648,8,8,,,17/08/2022 00:00:00,,
625d2ac6fae15494129a4c3d,18/04/2022,Lê V?n C?,31/08/2025,?inh Ti?n D?ng,,56,Lipzo,Lipzo,411000107,Bàn ch?i cao c?p Teen,41.10,Bàn ch?i,,,L?c,L?c,Cái,Cái,24,,855555.6,35648.15,855555,35648,8,8,,,17/08/2022 00:00:00,,
625d2ac6fae15494129a4c3e,18/04/2022,Lê V?n C?,31/08/2025,?inh Ti?n D?ng,,57,Lipzo,Lipzo,411000108,Bàn ch?i cao c?p Orthor,41.10,Bàn ch?i,,,L?c,L?c,Cái,Cái,24,,777777.84,32407.41,777777,32407,8,8,,,17/08/2022 00:00:00,,
625d2ac6fae15494129a4c3f,18/04/2022,Lê V?n C?,31/08/2025,?inh Ti?n D?ng,,58,Lipzo,Lipzo,411000109,Bàn ch?i cao c?p Adam,41.10,Bàn ch?i,,,L?c,L?c,Cái,Cái,24,,855555.6,35648.15,855555,35648,8,8,,,17/08/2022 00:00:00,,
625d2ac6fae15494129a4c40,18/04/2022,Lê V?n C?,30/08/2025,?inh Ti?n D?ng,,59,Lipzo,Lipzo,411000110,Bàn ch?i Kids Step1,41.10,Bàn ch?i,,,L?c,L?c,Cái,Cái,12,,311111.16,25925.93,311111,25925,8,8,,,17/08/2022 00:00:00,,
67cfe24918c9f0e01129281d,11/03/2025,Nguy?n Quang D?ng,01/07/2025,?inh Ti?n D?ng,,234,Lipzo,Lipzo,411000122,Bàn ch?i cao c?p Procare b? ?ôi ti?t ki?m 50% cây th? 2,41.98,B? bàn ch?i,,,L?c,L?c,Cái,Cái,12,,699996,58333,699996,58333,8,8,,,11/03/2025 00:00:00,,
67cfe46d22e1d67006d3ec95,11/03/2025,Nguy?n Quang D?ng,01/07/2025,?inh Ti?n D?ng,,235,Lipzo,Lipzo,411000123,Bàn ch?i cao c?p Sensitive b? ?ôi ti?t ki?m 50% cây th? 2,41.98,B? bàn ch?i,,,L?c,L?c,Cái,Cái,12,,641664,53472,641664,53472,8,8,,,,,
67cfe46d22e1d67006d3ec96,11/03/2025,Nguy?n Quang D?ng,31/08/2025,?inh Ti?n D?ng,,236,Lipzo,Lipzo,411000124,Bàn ch?i cao c?p Teen b? ?ôi ti?t ki?m 50% cây th? 2,41.98,B? bàn ch?i,,,L?c,L?c,Cái,Cái,12,,641664,53472,641664,53472,8,8,,,,,
67cfe46d22e1d67006d3ec97,11/03/2025,Nguy?n Quang D?ng,31/07/2025,?inh Ti?n D?ng,,237,Lipzo,Lipzo,411000125,Bàn ch?i cao c?p Othor b? ?ôi ti?t ki?m 50% cây th? 2,41.98,B? bàn ch?i,,,L?c,L?c,Cái,Cái,12,,583332,48611,583332,48611,8,8,,,,,
67cfe46d22e1d67006d3ec98,11/03/2025,Nguy?n Quang D?ng,01/08/2025,?inh Ti?n D?ng,,238,Lipzo,Lipzo,411000126,Bàn ch?i cao c?p Adam b? ?ôi ti?t ki?m 50% cây th? 2,41.98,B? bàn ch?i,,,L?c,L?c,Cái,Cái,12,,641664,53472,641664,53472,8,8,,,,,
67cfe46d22e1d67006d3ec9d,11/03/2025,Nguy?n Quang D?ng,30/08/2025,?inh Ti?n D?ng,,243,Lipzo,Lipzo,411000127,Bàn ch?i Lipzo Áo dài b? ?ôi ti?t ki?m 50% cây th? 2,41.98,B? bàn ch?i,,,L?c,L?c,Cái,Cái,12,,466356,38863,466356,38863,8,8,,,,,
67cfe46d22e1d67006d3ec9e,11/03/2025,Nguy?n Quang D?ng,31/08/2025,?inh Ti?n D?ng,,244,Lipzo,Lipzo,411000128,Bàn ch?i Lipzo Crystal Love for Girl b? ?ôi ti?t ki?m 50% cây th? 2,41.98,B? bàn ch?i,,,L?c,L?c,Cái,Cái,12,,291660,24305,291660,24305,8,8,,,,,
67cfe46d22e1d67006d3ec9c,11/03/2025,Nguy?n Quang D?ng,29/08/2025,?inh Ti?n D?ng,,242,Lipzo,Lipzo,411000130,Bàn ch?i Lipzo Ruby Charcoal b? ?ôi ti?t ki?m 50% cây th? 2,41.98,B? bàn ch?i,,,L?c,L?c,Cái,Cái,12,,500712,41726,500712,41726,8,8,,,,,
67cfe46d22e1d67006d3ec9f,11/03/2025,Nguy?n Quang D?ng,31/08/2025,?inh Ti?n D?ng,,245,Lipzo,Lipzo,411000132,Bàn ch?i Lipzo Ruby Sensi b? ?ôi ti?t ki?m 50% cây th? 2,41.98,B? bàn ch?i,,,L?c,L?c,Cái,Cái,12,,343332,28611,343332,28611,8,8,,,,,
645204775861012c12a3dc6d,03/05/2023,Nguyên Quang D?ng,30/08/2025,?inh Ti?n D?ng,,183,Lipzo,Lipzo,411000133,Flex khay màu pastel,41.10,Bàn ch?i,,,L?c,L?c,Cái,Cái,24,,205080,8545,205080,8545,8,8,,,,,
645204e85861012c12a3dc70,03/05/2023,Nguyên Quang D?ng,20/08/2025,?inh Ti?n D?ng,,184,Lipzo,Lipzo,411000134,Flex v? màu pastel,41.10,Bàn ch?i,,,L?c,L?c,Cái,Cái,24,,205080,8545,205080,8545,8,8,,,,,
64d9e00403d54a2020a4ae6c,14/08/2023,Nguyên Quang D?ng,31/08/2025,?inh Ti?n D?ng,,196,Lipzo,Lipzo,411000145,Bàn ch?i ?i?n Lipzo màu tr?ng,41.32,Bàn ch?i ?i?n,,,Cái,Cái,Cái,Cái,1,,500000,500000,500000,500000,10,10,,,,,
64d9e2ae03d54a2020a4ae81,14/08/2023,Nguyên Quang D?ng,01/09/2025,?inh Ti?n D?ng,,197,Lipzo,Lipzo,411000146,Bàn ch?i ?i?n Lipzo màu ?en,41.32,Bàn ch?i ?i?n,,,Cái,Cái,Cái,Cái,1,,500000,500000,500000,500000,10,10,,,,,
64acbf6303d54a2020a2a50b,11/07/2023,Nguyên Quang D?ng,24/07/2025,?inh Ti?n D?ng,,185,Lipzo,Lipzo,411000152,Bàn ch?i cao c?p Wow Pro,41.10,Bàn ch?i,,,L?c,L?c,Cái,Cái,24,,788880,32870,788880,32870,8,8,,,,,
64acc12e03d54a2020a2a50e,11/07/2023,Nguyên Quang D?ng,31/08/2025,?inh Ti?n D?ng,,186,Lipzo,Lipzo,411000153,Bàn ch?i cao c?p Pro,41.10,Bàn ch?i,,,L?c,L?c,Cái,Cái,24,,733320,30555,733320,30555,8,8,,,,,
64acc27003d54a2020a2a516,11/07/2023,Nguyên Quang D?ng,30/08/2025,?inh Ti?n D?ng,,187,Lipzo,Lipzo,411000154,Bàn ch?i cao c?p Max X,41.10,Bàn ch?i,,,L?c,L?c,Cái,Cái,24,,788880,32870,788880,32870,8,8,,,,,
64acc8c403d54a2020a2a52c,11/07/2023,Nguyên Quang D?ng,31/08/2025,?inh Ti?n D?ng,,188,Lipzo,Lipzo,411000155,Bàn ch?i cao c?p Man X,41.10,Bàn ch?i,,,L?c,L?c,Cái,Cái,24,,788880,32870,788880,32870,8,8,,,,,
64acc95903d54a2020a2a530,11/07/2023,Nguyên Quang D?ng,31/08/2025,?inh Ti?n D?ng,,189,Lipzo,Lipzo,411000156,Bàn ch?i cao c?p Ruby Pro,41.10,Bàn ch?i,,,L?c,L?c,Cái,Cái,24,,733320,30555,733320,30555,8,8,,,,,
64acc9e703d54a2020a2a533,11/07/2023,Nguyên Quang D?ng,31/08/2025,?inh Ti?n D?ng,,190,Lipzo,Lipzo,411000157,Bàn ch?i cao c?p Áo dài Pro,41.10,Bàn ch?i,,,L?c,L?c,Cái,Cái,24,,788880,32870,788880,32870,8,8,,,,,
67cfe46d22e1d67006d3ec99,11/03/2025,Nguy?n Quang D?ng,01/08/2025,?inh Ti?n D?ng,,239,Lipzo,Lipzo,411000161,Bàn ch?i Lipzo Kids S1 b? ?ôi ti?t ki?m 50% cây th? 2,41.98,B? bàn ch?i,,,L?c,L?c,Cái,Cái,12,,573324,47777,573324,47777,8,8,,,,,
67cfe46d22e1d67006d3ec9a,11/03/2025,Nguy?n Quang D?ng,01/08/2025,?inh Ti?n D?ng,,240,Lipzo,Lipzo,411000162,Bàn ch?i Lipzo Kids S2 b? ?ôi ti?t ki?m 50% cây th? 2,41.98,B? bàn ch?i,,,L?c,L?c,Cái,Cái,12,,266664,22222,266664,22222,8,8,,,,,
67cfe46d22e1d67006d3ec9b,11/03/2025,Nguy?n Quang D?ng,01/08/2025,?inh Ti?n D?ng,,241,Lipzo,Lipzo,411000163,Bàn ch?i Lipzo Crystal Kids b? ?ôi ti?t ki?m 50% cây th? 2,41.98,B? bàn ch?i,,,L?c,L?c,Cái,Cái,12,,303324,25277,303324,25277,8,8,,,,,
64ae0e3803d54a2020a2b022,12/07/2023,Nguyên Quang D?ng,01/08/2025,?inh Ti?n D?ng,,191,Lipzo,Lipzo,411000167,Bàn ch?i Lipzo Crystal Love for Girl - KM,41.10,Bàn ch?i,,,L?c,L?c,Cái,Cái,24,,,,0,0,8,8,,,,,
64ae0ec703d54a2020a2b027,12/07/2023,Nguyên Quang D?ng,01/07/2025,?inh Ti?n D?ng,,192,Lipzo,Lipzo,411000168,Bàn ch?i Lipzo Flex - KM,41.10,Bàn ch?i,,,L?c,L?c,Cái,Cái,24,,205080,8545,205080,8545,8,8,,,,,
66b0a38d3cd176c8081fed7e,05/08/2024,Nguyên Quang D?ng,23/07/2025,?inh Ti?n D?ng,,222,Lipzo,Lipzo,411000172,"Bàn ch?i Lipzo Flex+, v? 4 t?ng 1",41.10,Bàn ch?i,,,L?c,L?c,L?c,L?c,1,,39480,39480,39480,39480,8,8,,,,,
62060f5cfae15494129a2b70,11/02/2022,Anh Nhi?m,31/08/2025,?inh Ti?n D?ng,,60,Lipzo,Lipzo,411100001,Kem ?ánh r?ng Shiny Clean 185g,41.11,Kem ?ánh r?ng,,,L?c,L?c,Typ,Typ,12,,378000,31500,378000,31500,8,8,,,17/08/2022 00:00:00,,
62060f5cfae15494129a2b71,11/02/2022,Anh Nhi?m,31/08/2025,?inh Ti?n D?ng,,61,Lipzo,Lipzo,411100004,Kem ?ánh r?ng Gum protect 185g,41.11,Kem ?ánh r?ng,,,L?c,L?c,Typ,Typ,12,,556368,46364,556368,46364,8,8,,,17/08/2022 00:00:00,,
62060f5cfae15494129a2b72,11/02/2022,Anh Nhi?m,31/08/2025,Nguy?n Quang D?ng,,62,Lipzo,Lipzo,411100005,Kem ?ánh r?ng Gum protect 95g,41.11,Kem ?ánh r?ng,,,L?c,L?c,Typ,Typ,12,,349092,29091,349092,29091,8,8,,,17/08/2022 00:00:00,,
62060f5cfae15494129a2b73,11/02/2022,Anh Nhi?m,29/08/2025,Nguy?n Quang D?ng,,63,Lipzo,Lipzo,411100012,Kem ?ánh r?ng Shiny Clean 95g,41.11,Kem ?ánh r?ng,,,L?c,L?c,Typ,Typ,12,,270000,22500,270000,22500,8,8,,,17/08/2022 00:00:00,,
62060f5cfae15494129a2b74,11/02/2022,Anh Nhi?m,01/09/2025,Nguy?n Quang D?ng,,64,Lipzo,Lipzo,411100014,Kem ?ánh r?ng tr? em v? chu?i 75g,41.11,Kem ?ánh r?ng,,,L?c,L?c,Typ,Typ,12,,196362,32727,196362,32727,8,8,,,17/08/2022 00:00:00,,
642a3d508039f42861763184,03/04/2023,Nguyên Quang D?ng,29/08/2025,?inh Ti?n D?ng,,171,Lipzo,Lipzo,411100015,Kem ?ánh r?ng D??c li?u 185g,41.11,Kem ?ánh r?ng,,,L?c,L?c,H?p,H?p,12,,882000,73500,882000,73500,8,8,,,04/03/2023 00:00:00,,
642a3e538039f42861763189,03/04/2023,Nguyên Quang D?ng,01/09/2025,Nguy?n Quang D?ng,,172,Lipzo,Lipzo,411100016,Kem ?ánh r?ng Lipzo Kids Dâu 75g,41.11,Kem ?ánh r?ng,,,L?c,L?c,H?p,H?p,12,,198000,33000,198000,33000,8,8,,,,,
64c9bb7703d54a2020a43b2e,02/08/2023,Nguyên Quang D?ng,03/09/2025,?inh Ti?n D?ng,,193,Lipzo,Lipzo,411100017,Kem ?ánh r?ng 12H r?ng ng?i 185g,41.11,Kem ?ánh r?ng,,,L?c,L?c,Typ,Typ,12,,338184,28182,338184,28182,8,8,,,,,
64c8da8903d54a2020a435d5,01/08/2023,Nguyên Quang D?ng,03/09/2025,?inh Ti?n D?ng,,192,Lipzo,Lipzo,411100018,Kem ?ánh r?ng 3 tác d?ng  190g,41.11,Kem ?ánh r?ng,,,L?c,L?c,Typ,Typ,12,,300000,25000,300000,25000,8,8,,,,,
6729a18f0d35a9d812dd8e8f,05/11/2024,Nguyên Quang D?ng,28/08/2025,?inh Ti?n D?ng,,226,Lipzo,Lipzo,411100019,Kem ?ánh r?ng 12H r?ng ng?i b? ?ôi ti?t ki?m 20% tuýp th? 2,41.11,Kem ?ánh r?ng,,,L?c,L?c,B?,B?,6,,397636.38,66272.73,397636,66272,8,8,,,,,
6729a2770d35a9d812dd8e99,05/11/2024,Nguyên Quang D?ng,29/08/2025,?inh Ti?n D?ng,,227,Lipzo,Lipzo,411100020,Kem ?ánh r?ng 3 tác d?ng b? ?ôi ti?t ki?m 25% tuýp th? 2,41.11,Kem ?ánh r?ng,,,L?c,L?c,B?,B?,6,,341454.54,56909.09,341454,56909,8,8,,,,,
6729a0000d35a9d812dd8e80,05/11/2024,Nguyên Quang D?ng,03/09/2025,?inh Ti?n D?ng,,225,Lipzo,Lipzo,411100021,Kem ?ánh r?ng d??c li?u 110g,41.11,Kem ?ánh r?ng,,,L?c,L?c,Typ,Typ,12,0,480000,40000,480000,40000,8,8,,,,,
68410d8095fed16c1444105d,05/06/2025,Nguy?n Quang D?ng,09/08/2025,?inh Ti?n D?ng,,366,Lipzo,Lipzo,411100028,Kem ?ánh r?ng  d??c li?u 110g + V? treo,41.11,Kem ?ánh r?ng,,,Typ,Typ,Typ,Typ,1,,240000,240000,240000,240000,8,8,,,,x,
68410a8695fed16c14441047,05/06/2025,Nguy?n Quang D?ng,09/08/2025,?inh Ti?n D?ng,,362,Lipzo,Lipzo,411100029,Kem ?ánh r?ng Lipzo Kids Dâu 75g + V? treo,41.11,Kem ?ánh r?ng,,,Typ,Typ,Typ,Typ,1,,198000,198000,198000,198000,8,8,,,,x,
68410ae695fed16c1444104b,05/06/2025,Nguy?n Quang D?ng,09/08/2025,?inh Ti?n D?ng,,363,Lipzo,Lipzo,411100030,Kem ?ánh r?ng tr? em v? chu?i 75g + V? treo,41.11,Kem ?ánh r?ng,,,Typ,Typ,Typ,Typ,1,,196363.64,196363.64,196363,196363,8,8,,,,x,
68410b5795fed16c14441050,05/06/2025,Nguy?n Quang D?ng,09/08/2025,?inh Ti?n D?ng,,364,Lipzo,Lipzo,411100031,Kem ?ánh r?ng Shiny Clean 185g + V? treo,41.11,Kem ?ánh r?ng,,,Typ,Typ,Typ,Typ,1,,189000,189000,189000,189000,8,8,,,,x,
68410ba995fed16c14441055,05/06/2025,Nguy?n Quang D?ng,09/08/2025,?inh Ti?n D?ng,,365,Lipzo,Lipzo,411100032,Kem ?ánh r?ng 12H r?nh ng?i 185g + V? treo,41.11,Kem ?ánh r?ng,,,Typ,Typ,Typ,Typ,1,,169090.91,169090.91,169090,169090,8,8,,,,x,
689bf02695fed16c1448efb3,13/08/2025,Nguy?n Quang D?ng,13/08/2025,Nguy?n Quang D?ng,,367,Lipzo,Lipzo,411200004,N??c súc mi?ng d??c li?u ng?a viêm h?ng 250ml,41.12,N??c Súc Mi?ng,,,Thùng,Thùng,Chai,Chai,48,,1955555.52,40740.74,1955555.52,40740.74,8,8,,,,,
689bf28d95fed16c1448efc0,13/08/2025,Nguy?n Quang D?ng,13/08/2025,Nguy?n Quang D?ng,,368,Lipzo,Lipzo,411200005,N??c súc mi?ng d??c li?u ng?a viêm h?ng 500ml,41.12,N??c Súc Mi?ng,,,Thùng,Thùng,Chai,Chai,24,,1795555.44,74814.81,1795555.44,74814.81,8,8,,,,,
62060f5cfae15494129a2b75,11/02/2022,Anh Nhi?m,01/07/2025,?inh Ti?n D?ng,,65,Lipzo,Lipzo,419800009,B? 2 bàn ch?i Wow gold t?ng 1 Wow charcoal,41.98,B? bàn ch?i,,,L?c,L?c,B?,B?,12,,600000,50000,600000,50000,8,8,,,17/08/2022 00:00:00,,
62062674fae15494129a2bfa,11/02/2022,Anh Nhi?m,01/07/2025,?inh Ti?n D?ng,,66,Lipzo,Lipzo,419800031,B? 2 bàn ch?i Crystal Girl,41.10,Bàn ch?i,,,L?c,L?c,B?,B?,14,,,,0,0,0,0,,,17/08/2022 00:00:00,,
62062674fae15494129a2bfb,11/02/2022,Anh Nhi?m,01/07/2025,?inh Ti?n D?ng,,67,Lipzo,Lipzo,419800032,B? 1 bàn ch?i Ruby Gold và 1 Ruby Charcoal,41.98,B? bàn ch?i,,,L?c,L?c,B?,B?,14,,,,0,0,0,0,,,17/08/2022 00:00:00,,
62060f5cfae15494129a2b76,11/02/2022,Anh Nhi?m,01/07/2025,?inh Ti?n D?ng,,68,Lipzo,Lipzo,419800033,B? 2 bàn ch?i Wow charcoal t?ng 1 Wow gold,41.98,B? bàn ch?i,,,L?c,L?c,B?,B?,12,,600000,50000,600000,50000,8,8,,,17/08/2022 00:00:00,,
657145d8e47c852c233a2d94,07/12/2023,Nguyên Quang D?ng,31/08/2025,?inh Ti?n D?ng,,200,Lipzo,Lipzo,419800074,B? 2 bàn ch?i Ruby Sensi t?ng 1 Ruby Sensi,41.98,B? bàn ch?i,,,L?c,L?c,B?,B?,14,,534072,38148,534072,38148,8,8,,,,,
651bdf7a3d516cac17a9c813,03/10/2023,Nguyên Quang D?ng,29/08/2025,?inh Ti?n D?ng,,198,Lipzo,Lipzo,419800082,B? 2 bàn ch?i Ruby charcoal t?ng 1 Ruby Charcoal,41.98,B? bàn ch?i,,,L?c,L?c,B?,B?,12,,675552,56296,675552,56296,8,8,,,,,
62060f5cfae15494129a2b77,11/02/2022,Anh Nhi?m,01/09/2025,?inh Ti?n D?ng,,69,Lipzo,Lipzo,419800092,B? 2 bàn ch?i Crystal Love for Girl t?ng 01 Crystal love for Girl,41.98,B? bàn ch?i,,,L?c,L?c,B?,B?,12,,388884,32407,388884,32407,8,8,,,17/08/2022 00:00:00,,
62060f5cfae15494129a2b78,11/02/2022,Anh Nhi?m,01/07/2025,?inh Ti?n D?ng,,70,Lipzo,Lipzo,419800093,B? 2 bàn ch?i Ruby charcoal t?ng 1 Ruby Gold,41.98,B? bàn ch?i,,,L?c,L?c,B?,B?,12,,675552,56296,675552,56296,8,8,,,20/08/2022 00:00:00,,
62060f5cfae15494129a2b79,11/02/2022,Anh Nhi?m,01/07/2025,?inh Ti?n D?ng,,71,Lipzo,Lipzo,419800094,B? 2 bàn ch?i Ruby Gold t?ng 1 Ruby charcoal,41.98,B? bàn ch?i,,,L?c,L?c,B?,B?,12,,675552,56296,675552,56296,8,8,,,17/08/2022 00:00:00,,
62060f5cfae15494129a2b7a,11/02/2022,Anh Nhi?m,29/08/2025,?inh Ti?n D?ng,,72,Lipzo,Lipzo,419800097,B? 2 bàn ch?i Maxcare t?ng 01 Maxcare,41.98,B? bàn ch?i,,,L?c,L?c,B?,B?,12,,408888,34074,408888,34074,8,8,,,17/08/2022 00:00:00,,
62060f5cfae15494129a2b7b,11/02/2022,Anh Nhi?m,07/07/2025,?inh Ti?n D?ng,,73,Lipzo,Lipzo,419800098,B? 2 bàn ch?i Maxcare X t?ng 01 Maxcare X,41.98,B? bàn ch?i,,,L?c,L?c,B?,B?,12,,485556,40463,485556,40463,8,8,,,17/08/2022 00:00:00,,
62060f5cfae15494129a2b7c,11/02/2022,Anh Nhi?m,01/07/2025,?inh Ti?n D?ng,,74,Lipzo,Lipzo,419800099,B? 2 bàn ch?i Gpro t?ng 1 Gpro,41.98,B? bàn ch?i,,,L?c,L?c,B?,B?,12,,736668,61389,736668,61389,8,8,,,17/08/2022 00:00:00,,
657149dae47c852c233a2d9f,07/12/2023,Nguyên Quang D?ng,01/07/2025,?inh Ti?n D?ng,,201,Lipzo,Lipzo,419800148,B? 2 bàn ch?i Crystal Kids t?ng 1 Crystal Kids,41.98,B? bàn ch?i,,,L?c,L?c,B?,B?,14,,471856,33704,471856,33704,8,8,,,,,
62331a09fae15494129a3c71,17/03/2022,Anh Nhi?m,31/07/2025,?inh Ti?n D?ng,,75,Lipzo,Lipzo,419800178,Mua 1 bàn ch?i Lipzo Manpro t?ng 1 bàn ch?i Nano Man,41.98,B? bàn ch?i,,,L?c,L?c,B?,B?,14,,385000,27500,385000,27500,10,10,,,17/08/2022 00:00:00,,
62331a09fae15494129a3c72,17/03/2022,Anh Nhi?m,01/07/2025,?inh Ti?n D?ng,,76,Lipzo,Lipzo,419800208,Mua 1 bàn ch?i Gpro t?ng 1 tuýp K?R Lipzo shiny clean 35g,41.98,B? bàn ch?i,,,L?c,L?c,B?,B?,,,,25454.62,0,25454,10,10,,,17/08/2022 00:00:00,,
62e4b1ca9dbfcd449d320470,30/07/2022,Lê V?n C?,01/07/2025,?inh Ti?n D?ng,,77,Lipzo,Lipzo,419800224,Mua 1 K?R Gum Protection 185g t?ng 1 bàn ch?i Maxcare,41.98,B? bàn ch?i,,,L?c,L?c,B?,B?,6,,278184,46364,278184,46364,10,10,,,17/08/2022 00:00:00,,
62e4b1ca9dbfcd449d320471,30/07/2022,Lê V?n C?,01/07/2025,?inh Ti?n D?ng,,78,Lipzo,Lipzo,419800225,Mua 1 K?R Shiny Clean 185g t?ng 1 bàn ch?i Maxcare,41.98,B? bàn ch?i,,,L?c,L?c,B?,B?,6,,189000,31500,189000,31500,10,10,,,17/08/2022 00:00:00,,
6254f42dfae15494129a4916,12/04/2022,Lê V?n C?,01/07/2025,Nguy?n Quang D?ng,,79,Lipzo,Lipzo,419800227,Mua 1 K?R Gum Protection 185g t?ng 1 bàn ch?i Maxcare X,41.11,Kem ?ánh r?ng,,,L?c,L?c,B?,B?,6,,278184,46364,278184,46364,8,8,,,17/08/2022 00:00:00,,
62e4b1ca9dbfcd449d320472,30/07/2022,Lê V?n C?,01/07/2025,?inh Ti?n D?ng,,80,Lipzo,Lipzo,419800228,Mua 1 K?R Gum Protection 95g t?ng 1 bàn ch?i Maxcare,41.98,B? bàn ch?i,,,L?c,L?c,B?,B?,6,,174546,29091,174546,29091,10,10,,,17/08/2022 00:00:00,,
62e4b1ca9dbfcd449d320473,30/07/2022,Lê V?n C?,01/07/2025,?inh Ti?n D?ng,,81,Lipzo,Lipzo,419800230,Mua 1 K?R Shiny Clean 95g t?ng 1 bàn ch?i Maxcare,41.98,B? bàn ch?i,,,L?c,L?c,B?,B?,6,,135000,22500,135000,22500,10,10,,,17/08/2022 00:00:00,,
62331a09fae15494129a3c74,17/03/2022,Anh Nhi?m,01/07/2025,?inh Ti?n D?ng,,82,Lipzo,Lipzo,419800244,Mua 2 h?p KDR Shiny Clean 185g t?ng 1 gói kh?u trang Niva 10 cái,41.98,B? bàn ch?i,,,Thùng,Thùng,B?,B?,50,,3045545.5,60910.91,3045545,60910,10,10,,,17/08/2022 00:00:00,,
62331a09fae15494129a3c75,17/03/2022,Anh Nhi?m,01/07/2025,?inh Ti?n D?ng,,83,Lipzo,Lipzo,419800246,Mua 2 h?p K?R Gum Protection 95g t?ng 1 gói kh?u trang Niva 10 cái,41.98,B? bàn ch?i,,,Thùng,Thùng,B?,B?,80,,4436363.6,55454.54,4436363,55454,10,10,,,17/08/2022 00:00:00,,
62331a09fae15494129a3c76,17/03/2022,Anh Nhi?m,01/07/2025,?inh Ti?n D?ng,,84,Lipzo,Lipzo,419800248,Mua 1 h?p K?R Shiny Clean 95g t?ng 1 bàn ch?i Flex,41.98,B? bàn ch?i,,,L?c,L?c,B?,B?,6,,128181.82,21363.64,128181,21363,10,10,,,17/08/2022 00:00:00,,
62331a09fae15494129a3c77,17/03/2022,Anh Nhi?m,01/07/2025,?inh Ti?n D?ng,,85,Lipzo,Lipzo,419800250,Mua 1 h?p kem ?ánh r?ng Gum protect 95g t?ng 1 bàn ch?i Flex,41.98,B? bàn ch?i,,,L?c,L?c,B?,B?,6,,166363.64,27727.27,166363,27727,10,10,,,17/08/2022 00:00:00,,
62331a09fae15494129a3c78,17/03/2022,Anh Nhi?m,01/07/2025,?inh Ti?n D?ng,,86,Lipzo,Lipzo,419800268,Mua 2 h?p kem ?ánh r?ng Gum protect  185g  t?ng 1 gói kh?u trang Niva 3D ng??i l?n 04 chi?c,41.98,B? bàn ch?i,,,Thùng,Thùng,B?,B?,20,,1818218.18,90910.91,1818218,90910,10,10,,,17/08/2022 00:00:00,,
62331a09fae15494129a3c79,17/03/2022,Anh Nhi?m,01/07/2025,?inh Ti?n D?ng,,87,Lipzo,Lipzo,419800269,Mua 2 h?p kem ?ánh r?ng Gum protect 95g  t?ng 1 gói kh?u trang Niva 3D ng??i l?n 03 chi?c,41.98,B? bàn ch?i,,,Thùng,Thùng,B?,B?,20,,1109090.9,55454.54,1109090,55454,10,10,,,17/08/2022 00:00:00,,
62331a09fae15494129a3c7a,17/03/2022,Anh Nhi?m,01/07/2025,?inh Ti?n D?ng,,88,Lipzo,Lipzo,419800279,Mua 1 h?p Kem ?ánh r?ng Shiny Clean 185g t?ng 1 gói kh?u trang Niva 2D 05 chi?c,41.98,B? bàn ch?i,,,Thùng,Thùng,B?,B?,50,,1522772.7,30455.45,1522772,30455,10,10,,,17/08/2022 00:00:00,,
623317e8fae15494129a3c0f,17/03/2022,Anh Nhi?m,01/07/2025,?inh Ti?n D?ng,,89,Lipzo,Lipzo,419800281,Mua 1 h?p Kem ?ánh r?ng Gum protect 95g t?ng 1 gói kh?u trang Niva 2D 05 chi?c,41.98,B? bàn ch?i,,,Thùng,Thùng,B?,B?,60,,1663636.38,27727.27,1663636,27727,10,10,,,17/08/2022 00:00:00,,
623317e8fae15494129a3c10,17/03/2022,Anh Nhi?m,01/07/2025,?inh Ti?n D?ng,,90,Lipzo,Lipzo,419800285,Mua 1 kem ?ánh r?ng Gum Protect 185g t?ng 1 h? bông AH1,41.98,B? bàn ch?i,,,Thùng,Thùng,B?,B?,1,,45455.45,45455.45,45455,45455,10,10,,,17/08/2022 00:00:00,,
62331a09fae15494129a3c7d,17/03/2022,Anh Nhi?m,01/07/2025,?inh Ti?n D?ng,,91,Lipzo,Lipzo,419800287,Mua 1 kem ?ánh r?ng Gum Protect 95 t?ng 1 h? bông AH1,41.98,B? bàn ch?i,,,,,B?,B?,,,,28240.74,0,28240,10,10,,,17/08/2022 00:00:00,,
62331a09fae15494129a3c7e,17/03/2022,Anh Nhi?m,01/07/2025,?inh Ti?n D?ng,,92,Lipzo,Lipzo,419800291,Mua 1 Kem ?ánh r?ng Shiny Clean 95g T?ng 1 H? xoay ng??i l?n 100 que nh?a AH1,41.98,B? bàn ch?i,,,Thùng,Thùng,B?,B?,60,,1281818.16,21363.64,1281818,21363,10,10,,,17/08/2022 00:00:00,,
62331a09fae15494129a3c7f,17/03/2022,Anh Nhi?m,01/07/2025,?inh Ti?n D?ng,,93,Lipzo,Lipzo,419800293,Mua 1 Kem ?ánh r?ng Gum Protect 95g T?ng 1 bàn ch?i Crystal Girl,41.98,B? bàn ch?i,,,L?c,L?c,B?,B?,6,,174546,29091,174546,29091,10,10,,,17/08/2022 00:00:00,,
62331a09fae15494129a3c80,17/03/2022,Anh Nhi?m,01/07/2025,?inh Ti?n D?ng,,94,Lipzo,Lipzo,419800296,Mua 1 Kem ?ánh r?ng Gum Protect 185g T?ng 1 bàn ch?i Lipzo crystal girl,41.98,B? bàn ch?i,,,L?c,L?c,B?,B?,14,,636376.36,45455.45,636376,45455,10,10,,,17/08/2022 00:00:00,,
6254f42dfae15494129a4917,12/04/2022,Lê V?n C?,01/07/2025,?inh Ti?n D?ng,,95,Lipzo,Lipzo,419800298,Mua 1 K?R Shiny Clean 185g t?ng 1 bàn ch?i Maxcare X,41.98,B? bàn ch?i,,,L?c,L?c,B?,B?,6,,189000,31500,189000,31500,10,10,,,17/08/2022 00:00:00,,
62331a09fae15494129a3c81,17/03/2022,Anh Nhi?m,01/07/2025,?inh Ti?n D?ng,,96,Lipzo,Lipzo,419800300,Mua 1 Kem ?ánh r?ng Gum Protect 95g T?ng 1 bàn ch?i Wow gold,41.98,B? bàn ch?i,,,L?c,L?c,B?,B?,6,,166363.64,27727.27,166363,27727,10,10,,,17/08/2022 00:00:00,,
63059b9d9dbfcd449d320b04,24/08/2022,Lê V?n C?,01/07/2025,?inh Ti?n D?ng,,171,Lipzo,Lipzo,419800334,Mua 1 K?R Shiny Clean 95g t?ng 1 bàn ch?i Maxcare X,41.98,B? bàn ch?i,,,L?c,L?c,B?,B?,6,,135000,22500,135000,22500,10,10,,,24/08/2022 00:00:00,,
63059b9d9dbfcd449d320b05,24/08/2022,Lê V?n C?,01/07/2025,?inh Ti?n D?ng,,172,Lipzo,Lipzo,419800338,Mua 1 K?R Gum Protection 95g t?ng 1 bàn ch?i Maxcare X,41.98,B? bàn ch?i,,,L?c,L?c,B?,B?,6,,174546,29091,174546,29091,10,10,,,24/08/2022 00:00:00,,
62e4b1ca9dbfcd449d320474,30/07/2022,Lê V?n C?,01/07/2025,?inh Ti?n D?ng,,97,Lipzo,Lipzo,419800345,Mua 1 K?R tr? em v? chu?i 75g t?ng 1 bàn ch?i Maxcare,41.98,B? bàn ch?i,,,L?c,L?c,B?,B?,6,,196362,32727,196362,32727,10,10,,,17/08/2022 00:00:00,,
643f8c4e8dcf96f812b16deb,19/04/2023,Nguyên Quang D?ng,01/07/2025,Nguy?n Quang D?ng,,180,Lipzo,Lipzo,419800358,Mua 1 K?R d??c li?u 185g t?ng 1 bàn ch?i Maxcare,41.11,Kem ?ánh r?ng,,,L?c,L?c,B?,B?,1,,73500,73500,73500,73500,8,8,,,,,
643f8ca58dcf96f812b16dee,19/04/2023,Nguyên Quang D?ng,01/07/2025,Nguy?n Quang D?ng,,181,Lipzo,Lipzo,419800359,Mua 1 K?R d??c li?u 185g t?ng 1 bàn ch?i Maxcare X,41.11,Kem ?ánh r?ng,,,L?c,L?c,B?,B?,1,,73500,73500,73500,73500,8,8,,,,,
643f75fb8dcf96f812b16da2,19/04/2023,Nguyên Quang D?ng,04/07/2025,Nguy?n Quang D?ng,,173,Lipzo,Lipzo,419800392,Mua 2 K?R Shiny Clean 185g t?ng 1 bàn ch?i Maxcare X,41.11,Kem ?ánh r?ng,,,L?c,L?c,B?,B?,1,,63000,63000,63000,63000,8,8,,,,,
643f76c98dcf96f812b16da8,19/04/2023,Nguyên Quang D?ng,01/07/2025,Nguy?n Quang D?ng,,174,Lipzo,Lipzo,419800393,Mua 2 K?R Gum Protect 95g T?ng 1 Bàn ch?i Maxcare X,41.11,Kem ?ánh r?ng,,,L?c,L?c,B?,B?,1,,58182,58182,58182,58182,8,8,,,,,
643f776a8dcf96f812b16dab,19/04/2023,Nguyên Quang D?ng,01/07/2025,?inh Ti?n D?ng,,175,Lipzo,Lipzo,419800394,Mua 2 K?R tr? em v? chu?i 75g T?ng 1 bàn ch?i Crystal Kids,41.11,Kem ?ánh r?ng,,,L?c,L?c,B?,B?,1,,65454,65454,65454,65454,8,8,,,,,
643f77f18dcf96f812b16daf,19/04/2023,Nguyên Quang D?ng,01/07/2025,Nguy?n Quang D?ng,,176,Lipzo,Lipzo,419800395,Mua 2 K?R tr? em v? dâu 75g T?ng 1 bàn ch?i Crystal Kids,41.11,Kem ?ánh r?ng,,,L?c,L?c,B?,B?,1,,66000,66000,66000,66000,8,8,,,,,
643f8ab98dcf96f812b16ddc,19/04/2023,Nguyên Quang D?ng,01/07/2025,?inh Ti?n D?ng,,177,Lipzo,Lipzo,419800396,Mua 1 K?R Gum Protection 185g t?ng 1 bàn ch?i Wow Gold,41.11,Kem ?ánh r?ng,,,L?c,L?c,B?,B?,1,,46364,46364,46364,46364,8,8,,,,,
643f8b388dcf96f812b16de0,19/04/2023,Nguyên Quang D?ng,01/07/2025,?inh Ti?n D?ng,,178,Lipzo,Lipzo,419800397,Mua 2 K?R Shiny Clean 185g t?ng 1 bàn ch?i Wow Gold,41.11,Kem ?ánh r?ng,,,L?c,L?c,B?,B?,1,,63000,63000,63000,63000,8,8,,,,,
643f8bb28dcf96f812b16de4,19/04/2023,Nguyên Quang D?ng,01/07/2025,?inh Ti?n D?ng,,179,Lipzo,Lipzo,419800398,Mua 2 K?R Gum Protection 95g t?ng 1 bàn ch?i Wow Gold,41.11,Kem ?ánh r?ng,,,L?c,L?c,B?,B?,1,,58182,58182,58182,58182,8,8,,,,,
6462105c3da00f2c127c9a7d,15/05/2023,Nguyên Quang D?ng,31/07/2025,?inh Ti?n D?ng,,171,Niva,Niva,419800436,Mua 1 gói kh?n ??t Niva 100 mi?ng t?ng 1 túi t?m bông AZ3,42.12,Kh?n ??t,,,B?,B?,B?,B?,1,,30000,30000,30000,30000,10,10,,,,,
67235b300d35a9d812dd25b5,31/10/2024,Nguyên Quang D?ng,31/08/2025,?inh Ti?n D?ng,,224,Lipzo,Lipzo,419800438,Mua kem ?ánh r?ng 12H r?ng ng?i 185g t?ng bàn ch?i Lipzo Maxcare,41.11,Kem ?ánh r?ng,,,L?c,L?c,Typ,Typ,6,,190909,31818,190909,31818,8,8,,,,,
67235d8e0d35a9d812dd268c,31/10/2024,Nguyên Quang D?ng,31/08/2025,?inh Ti?n D?ng,,224,Lipzo,Lipzo,419800439,Mua kem ?ánh r?ng 3 tác d?ng  190 g t?ng bàn ch?i Lipzo Maxcare,41.11,Kem ?ánh r?ng,,,L?c,L?c,Typ,Typ,6,,174545,29090,174545,29090,8,8,,,,,
64c9c45303d54a2020a43b5d,02/08/2023,Nguyên Quang D?ng,30/08/2025,Nguy?n Quang D?ng,,195,Lipzo,Lipzo,419800440,B? K?R 12H r?ng ng?i 185g + Bàn ch?i Crystal Love for Girl-KM,41.11,Kem ?ánh r?ng,,,L?c,L?c,B?,B?,8,,254545,31818,254545,31818,8,8,,,,,
64c9bdbd03d54a2020a43b3c,02/08/2023,Nguyên Quang D?ng,30/08/2025,?inh Ti?n D?ng,,194,Lipzo,Lipzo,419800441,B? K?R 3 tác d?ng 190g + Bàn ch?i Crystal Love for Girl-KM,41.11,Kem ?ánh r?ng,,,L?c,L?c,B?,B?,8,,232728,29091,232728,29091,8,8,,,,,
657144d7e47c852c233a2d8f,07/12/2023,Nguyên Quang D?ng,30/08/2025,?inh Ti?n D?ng,,199,Lipzo,Lipzo,419800450,B? 2 bàn ch?i Lipzo Áo dài t?ng 1 Lipzo Áo dài,41.98,B? bàn ch?i,,,L?c,L?c,B?,B?,12,,621828,51819,621828,51819,8,8,,,,,
65714a97e47c852c233a2da8,07/12/2023,Nguyên Quang D?ng,30/08/2025,?inh Ti?n D?ng,,202,Lipzo,Lipzo,419800451,B? 2 bàn ch?i Kid S1 t?ng 1 Kid S1,41.98,B? bàn ch?i,,,L?c,L?c,B?,B?,12,,764448,63704,764448,63704,8,8,,,,,
65717384e47c852c233a2e7f,07/12/2023,Nguyên Quang D?ng,30/08/2025,?inh Ti?n D?ng,,203,Lipzo,Lipzo,419800452,B? 2 bàn ch?i Kid S2 t?ng 1 Kid S2,41.98,B? bàn ch?i,,,L?c,L?c,B?,B?,12,,355560,29630,355560,29630,8,8,,,,,
62060f5cfae15494129a2b7d,11/02/2022,Anh Nhi?m,01/07/2025,?inh Ti?n D?ng,,98,Niva,Niva,421000001,Kh?n m?t WJ1,42.10,Kh?n,,,L?c,L?c,Cái,Cái,12,,316668,26389,316668,26389,8,8,,,17/08/2022 00:00:00,,
62060f5cfae15494129a2b7e,11/02/2022,Anh Nhi?m,03/09/2025,?inh Ti?n D?ng,,99,Niva,Niva,421000002,Kh?n m?t WJ2,42.10,Kh?n,,,L?c,L?c,Cái,Cái,12,,347772,28981,347772,28981,8,8,,,17/08/2022 00:00:00,,
62060f5cfae15494129a2b7f,11/02/2022,Anh Nhi?m,03/09/2025,?inh Ti?n D?ng,,100,Niva,Niva,421000003,Kh?n m?t WS4,42.10,Kh?n,,,L?c,L?c,Cái,Cái,12,,270000,22500,270000,22500,8,8,,,17/08/2022 00:00:00,,
62060f5cfae15494129a2b80,11/02/2022,Anh Nhi?m,01/09/2025,?inh Ti?n D?ng,,101,Niva,Niva,421000004,Kh?n m?t WS1,42.10,Kh?n,,,L?c,L?c,Cái,Cái,12,,213336,17778,213336,17778,8,8,,,17/08/2022 00:00:00,,
62060f5cfae15494129a2b81,11/02/2022,Anh Nhi?m,01/07/2025,?inh Ti?n D?ng,,102,Niva,Niva,421000005,Kh?n m?t WS3,42.10,Kh?n,,,L?c,L?c,Cái,Cái,12,,281112,23426,281112,23426,8,8,,,17/08/2022 00:00:00,,
62060f5cfae15494129a2b82,11/02/2022,Anh Nhi?m,31/08/2025,?inh Ti?n D?ng,,103,Niva,Niva,421000006,Kh?n m?t WP1,42.10,Kh?n,,,L?c,L?c,Cái,Cái,12,,348888,29074,348888,29074,8,8,,,17/08/2022 00:00:00,,
62060f5cfae15494129a2b83,11/02/2022,Anh Nhi?m,01/09/2025,?inh Ti?n D?ng,,104,Niva,Niva,421000007,Kh?n m?t WP2,42.10,Kh?n,,,L?c,L?c,Cái,Cái,12,,382224,31852,382224,31852,8,8,,,17/08/2022 00:00:00,,
62060f5cfae15494129a2b84,11/02/2022,Anh Nhi?m,31/08/2025,?inh Ti?n D?ng,,105,Niva,Niva,421000008,Kh?n lau ??u HP1,42.10,Kh?n,,,L?c,L?c,Cái,Cái,1,,55463,55463,55463,55463,8,8,,,17/08/2022 00:00:00,,
62060f5cfae15494129a2b85,11/02/2022,Anh Nhi?m,01/07/2025,?inh Ti?n D?ng,,106,Niva,Niva,421000009,Kh?n lau ??u HP3,42.10,Kh?n,,,L?c,L?c,Cái,Cái,1,,59074,59074,59074,59074,8,8,,,17/08/2022 00:00:00,,
62060f5cfae15494129a2b86,11/02/2022,Anh Nhi?m,01/09/2025,?inh Ti?n D?ng,,107,Niva,Niva,421000010,Kh?n t?m BP2,42.10,Kh?n,,,L?c,L?c,Cái,Cái,1,,110000,110000,110000,110000,8,8,,,17/08/2022 00:00:00,,
62060f5cfae15494129a2b87,11/02/2022,Anh Nhi?m,01/07/2025,?inh Ti?n D?ng,,108,Niva,Niva,421000011,Kh?n t?m BP3,42.10,Kh?n,,,L?c,L?c,Cái,Cái,1,,193519,193519,193519,193519,8,8,,,17/08/2022 00:00:00,,
62060f5cfae15494129a2b88,11/02/2022,Anh Nhi?m,01/07/2025,?inh Ti?n D?ng,,109,Niva,Niva,421000012,Kh?n t?m BJ1,42.10,Kh?n,,,L?c,L?c,Cái,Cái,1,,84444,84444,84444,84444,8,8,,,17/08/2022 00:00:00,,
62060f5cfae15494129a2b89,11/02/2022,Anh Nhi?m,01/07/2025,?inh Ti?n D?ng,,110,Niva,Niva,421000013,Kh?n t?m BJ2,42.10,Kh?n,,,L?c,L?c,Cái,Cái,1,,147315,147315,147315,147315,8,8,,,17/08/2022 00:00:00,,
62060f5cfae15494129a2b8a,11/02/2022,Anh Nhi?m,03/09/2025,?inh Ti?n D?ng,,111,Niva,Niva,421000014,Kh?n t?m BJ3,42.10,Kh?n,,,L?c,L?c,Cái,Cái,1,,164537,164537,164537,164537,8,8,,,17/08/2022 00:00:00,,
65939bd2e47c852c233c1bd1,02/01/2024,Nguyên Quang D?ng,30/08/2025,?inh Ti?n D?ng,,205,Niva,Niva,421000026,Kh?n m?t bông n? FP1,42.10,Kh?n,,,L?c,L?c,Cái,Cái,12,,423276,35273,423276,35273,8,8,,,,,
65939c58e47c852c233c1bd5,02/01/2024,Nguyên Quang D?ng,31/08/2025,?inh Ti?n D?ng,,206,Niva,Niva,421000027,Kh?n m?t s?i s?i FP2,42.10,Kh?n,,,L?c,L?c,Cái,Cái,5,,192725,38545,192725,38545,8,8,,,,,
6597cb6de47c852c233c3918,05/01/2024,Nguyên Quang D?ng,29/08/2025,?inh Ti?n D?ng,,207,Niva,Niva,421000028,Kh?n m?t s?i tre FP3,42.10,Kh?n,,,L?c,L?c,Cái,Cái,5,,207275,41455,207275,41455,8,8,,,,,
6597cc57e47c852c233c3928,05/01/2024,Nguyên Quang D?ng,29/08/2025,?inh Ti?n D?ng,,208,Niva,Niva,421000029,Kh?n m?t S?i s?i FP4,42.10,Kh?n,,,L?c,L?c,Cái,Cái,5,,230910,46182,230910,46182,8,8,,,,,
6597d3cae47c852c233c3997,05/01/2024,Nguyên Quang D?ng,30/08/2025,?inh Ti?n D?ng,,209,Niva,Niva,421000030,Kh?n t?m S?i s?i BL1,42.10,Kh?n,,,L?c,L?c,Cái,Cái,5,,612725,122545,612725,122545,8,8,,,,,
6598c08ee47c852c233c40a8,06/01/2024,Nguyên Quang D?ng,30/08/2025,?inh Ti?n D?ng,,210,Niva,Niva,421000031,Kh?n t?m Bông n? BL2,42.10,Kh?n,,,L?c,L?c,Cái,Cái,5,,612725,122545,612725,122545,8,8,,,,,
6598c274e47c852c233c40c4,06/01/2024,Nguyên Quang D?ng,30/08/2025,?inh Ti?n D?ng,,211,Niva,Niva,421000032,Kh?n t?m S?i tre BL3,42.10,Kh?n,,,L?c,L?c,Cái,Cái,5,,672725,134545,672725,134545,8,8,,,,,
62060f5cfae15494129a2b94,11/02/2022,Anh Nhi?m,03/09/2025,?inh Ti?n D?ng,,112,Niva,Niva,421200001,Kh?n ??t Niva 80 t? (150mm*200mm*45gms),42.12,Kh?n ??t,,,Thùng,Thùng,Gói,Gói,24,,610920,25455,610920,25455,8,8,,,17/08/2022 00:00:00,,
62331a09fae15494129a3c91,17/03/2022,Anh Nhi?m,01/07/2025,?inh Ti?n D?ng,,113,Niva,Niva,421200002,Kh?n cotton Niva ?a n?ng 180 t? (150mm*200mm*45gms),42.12,Kh?n ??t,,,Thùng,Thùng,Gói,Gói,18,,900000,50000,900000,50000,8,8,,,17/08/2022 00:00:00,,
62331a09fae15494129a3c92,17/03/2022,Anh Nhi?m,03/09/2025,?inh Ti?n D?ng,,114,Niva,Niva,421200003,Kh?n ??t Niva 30 t?,42.12,Kh?n ??t,,,L?c,L?c,Gói,Gói,72,,464760,6455,464760,6455,8,8,,,17/08/2022 00:00:00,,
62331a09fae15494129a3c93,17/03/2022,Anh Nhi?m,01/07/2025,?inh Ti?n D?ng,,115,Niva,Niva,421200004,Kh?n ??t Niva 10 t?,42.12,Kh?n ??t,,,L?c,L?c,Gói,Gói,144,,667584,4636,667584,4636,8,8,,,17/08/2022 00:00:00,,
62060f5cfae15494129a2b98,11/02/2022,Anh Nhi?m,24/07/2025,?inh Ti?n D?ng,,116,Niva,Niva,421200005,Kh?n cotton Niva ?a n?ng 100 t?,42.12,Kh?n ??t,,,Thùng,Thùng,H?p,H?p,50,,909100,18182,909100,18182,8,8,,,17/08/2022 00:00:00,,
62060f5cfae15494129a2b99,11/02/2022,Anh Nhi?m,03/09/2025,?inh Ti?n D?ng,,117,Niva,Niva,421200006,Kh?n ??t Niva 100 t?,42.12,Kh?n ??t,,,Thùng,Thùng,Gói,Gói,22,,660000,30000,660000,30000,8,8,,,17/08/2022 00:00:00,,
66d193f53cd176c80821b73c,30/08/2024,Nguyên Quang D?ng,31/08/2025,?inh Ti?n D?ng,,223,Niva,Niva,421200010,Kh?n ??t Niva Baby 80 t? NB1,42.12,Kh?n ??t,,,Thùng,Thùng,Gói,Gói,30,,590280,19676,590280,19676,8,8,,,,,
62060f5cfae15494129a2b9a,11/02/2022,Anh Nhi?m,01/07/2025,?inh Ti?n D?ng,,118,Niva,Niva,422000001,Kh?u trang y t? h?p 20 cái,42.20,Kh?u trang,,,Thùng,Thùng,H?p,H?p,90,,7714260,85714,7714260,85714,5,5,,,17/08/2022 00:00:00,,
62060f5cfae15494129a2b9b,11/02/2022,Anh Nhi?m,01/07/2025,?inh Ti?n D?ng,,119,Niva,Niva,422000002,Kh?u trang y t? 3 l?p h?p 50 cái,42.20,Kh?u trang,,,Thùng,Thùng,H?p,H?p,50,,10714300,214286,10714300,214286,5,5,,,17/08/2022 00:00:00,,
62060f5cfae15494129a2b9c,11/02/2022,Anh Nhi?m,01/07/2025,?inh Ti?n D?ng,,121,Niva,Niva,422000005,Kh?u trang y t? Niva gói 10 cái,42.20,Kh?u trang,,,L?c,L?c,Cái,Cái,200,,762000,3810,762000,3810,5,5,,,17/08/2022 00:00:00,,
62060f5cfae15494129a2b9d,11/02/2022,Anh Nhi?m,01/08/2025,?inh Ti?n D?ng,,122,Niva,Niva,422000006,Kh?u trang Niva 3D ng??i l?n h?p 10 cái,42.20,Kh?u trang,,,Thùng,Thùng,H?p,H?p,162,,3681774,22727,3681774,22727,8,8,,,17/08/2022 00:00:00,,
62060f5cfae15494129a2b9e,11/02/2022,Anh Nhi?m,01/07/2025,?inh Ti?n D?ng,,123,Niva,Niva,422000007,Kh?u trang Niva 3D ng??i l?n h?p 50 cái,42.20,Kh?u trang,,,Thùng,Thùng,H?p,H?p,72,,8181792,113636,8181792,113636,8,8,,,17/08/2022 00:00:00,,
62060f5cfae15494129a2b9f,11/02/2022,Anh Nhi?m,01/07/2025,?inh Ti?n D?ng,,124,Niva,Niva,422000008,Kh?u trang Niva 3D ng??i l?n h?p 100 cái,42.20,Kh?u trang,,,Thùng,Thùng,H?p,H?p,36,,3927276,109091,3927276,109091,8,8,,,17/08/2022 00:00:00,,
62060f5cfae15494129a2ba0,11/02/2022,Anh Nhi?m,01/08/2025,?inh Ti?n D?ng,,125,Niva,Niva,422000009,Kh?u trang Niva 3D tr? em h?p 15 cái,42.20,Kh?u trang,,,Thùng,Thùng,H?p,H?p,225,,7670475,34091,7670475,34091,8,8,,,17/08/2022 00:00:00,,
62060f5cfae15494129a2ba1,11/02/2022,Anh Nhi?m,01/07/2025,?inh Ti?n D?ng,,126,Niva,Niva,422000010,Kh?u trang Niva 3D tr? em h?p 50 cái,42.20,Kh?u trang,,,Thùng,Thùng,H?p,H?p,72,,8181792,113636,8181792,113636,8,8,,,17/08/2022 00:00:00,,
62060f5cfae15494129a2ba2,11/02/2022,Anh Nhi?m,01/07/2025,?inh Ti?n D?ng,,127,Niva,Niva,422000011,Kh?u trang Niva 3D tr? em h?p 100 cái,42.20,Kh?u trang,,,Thùng,Thùng,H?p,H?p,36,,8181828,227273,8181828,227273,8,8,,,17/08/2022 00:00:00,,
62060f5cfae15494129a2ba3,11/02/2022,Anh Nhi?m,01/07/2025,?inh Ti?n D?ng,,128,Niva,Niva,422000015,Kh?u trang y t? 4 l?p 20 cái,42.20,Kh?u trang,,,Thùng,Thùng,H?p,H?p,120,,1805760,15048,1805760,15048,5,5,,,17/08/2022 00:00:00,,
62060f5cfae15494129a2ba4,11/02/2022,Anh Nhi?m,31/08/2025,?inh Ti?n D?ng,,129,Niva,Niva,422000016,Kh?u trang y t? 4 l?p h?p 50 cái,42.20,Kh?u trang,,,Thùng,Thùng,H?p,H?p,60,,2257140,37619,2257140,37619,5,5,,,17/08/2022 00:00:00,,
62060f5cfae15494129a2ba5,11/02/2022,Anh Nhi?m,31/08/2025,?inh Ti?n D?ng,,130,Niva,Niva,422000017,Kh?u trang Niva y t? 4 l?p h?p 20 cái,42.20,Kh?u trang,,,Thùng,Thùng,H?p,H?p,88,,1324224,15048,1324224,15048,5,5,,,17/08/2022 00:00:00,,
62060f5cfae15494129a2ba6,11/02/2022,Anh Nhi?m,01/07/2025,?inh Ti?n D?ng,,131,Niva,Niva,422000018,Kh?u trang Niva 3 l?p SMS h?p 50 cái,42.20,Kh?u trang,,,Thùng,Thùng,H?p,H?p,60,,2057160,34286,2057160,34286,5,5,,,17/08/2022 00:00:00,,
62060f5cfae15494129a2ba7,11/02/2022,Anh Nhi?m,01/07/2025,?inh Ti?n D?ng,,132,Niva,Niva,422000020,Kh?u trang Niva 2D SMS gói 05 chi?c,42.20,Kh?u trang,,,,,Gói,Gói,1,,3238,3238,3238,3238,5,5,,,17/08/2022 00:00:00,,
62060f5cfae15494129a2ba8,11/02/2022,Anh Nhi?m,01/07/2025,?inh Ti?n D?ng,,133,Niva,Niva,422000022,Kh?u trang Niva 2D SMS gói 10 chi?c,42.20,Kh?u trang,,,L?c,L?c,Gói,Gói,20,,190476.2,9523.81,190476,9523,5,5,,,17/08/2022 00:00:00,,
62060f5cfae15494129a2bab,11/02/2022,Anh Nhi?m,01/07/2025,?inh Ti?n D?ng,,134,Niva,Niva,422000026,Kh?u trang Niva SMS 4 l?p h?p 50 cái,42.20,Kh?u trang,,,Thùng,Thùng,H?p,H?p,50,,1619050,32381,1619050,32381,5,5,,,17/08/2022 00:00:00,,
62060f5cfae15494129a2bac,11/02/2022,Anh Nhi?m,01/07/2025,?inh Ti?n D?ng,,135,Niva,Niva,422000031,Kh?u trang  3D-N95 h?p 25 chi?c,42.20,Kh?u trang,,,Thùng,Thùng,H?p,H?p,40,,3428560,85714,3428560,85714,5,5,,,17/08/2022 00:00:00,,
62060f5cfae15494129a2bad,11/02/2022,Anh Nhi?m,01/07/2025,?inh Ti?n D?ng,,136,Niva,Niva,422000032,Kh?u trang 3D-N95 h?p 50 chi?c,42.20,Kh?u trang,,,Thùng,Thùng,H?p,H?p,20,,3428580,171429,3428580,171429,5,5,,,17/08/2022 00:00:00,,
62060f5cfae15494129a2bae,11/02/2022,Anh Nhi?m,01/07/2025,?inh Ti?n D?ng,,137,Niva,Niva,422000033,Kh?u trang Niva 3D-N90 h?p 25 chi?c,42.20,Kh?u trang,,,Thùng,Thùng,H?p,H?p,40,,2857160,71429,2857160,71429,5,5,,,17/08/2022 00:00:00,,
62060f5cfae15494129a2baf,11/02/2022,Anh Nhi?m,01/07/2025,?inh Ti?n D?ng,,138,Niva,Niva,422000034,Kh?u trang Niva 3D-N90 h?p 50 chi?c,42.20,Kh?u trang,,,Thùng,Thùng,H?p,H?p,20,,2857140,142857,2857140,142857,5,5,,,17/08/2022 00:00:00,,
62060f5cfae15494129a2bb3,11/02/2022,Anh Nhi?m,01/08/2025,?inh Ti?n D?ng,,139,Niva,Niva,422000040,Kh?u trang N95 túi 5 chi?c,42.20,Kh?u trang,,,L?c,L?c,Gói,Gói,20,,342860,17143,342860,17143,5,5,,,17/08/2022 00:00:00,,
62060f5cfae15494129a2bb4,11/02/2022,Anh Nhi?m,01/08/2025,?inh Ti?n D?ng,,140,Niva,Niva,422000041,Kh?u trang N95 h?p 10 chi?c,42.20,Kh?u trang,,,Thùng,Thùng,H?p,H?p,81,,2777166,34286,2777166,34286,5,5,,,17/08/2022 00:00:00,,
62060f5cfae15494129a2bb5,11/02/2022,Anh Nhi?m,01/07/2025,?inh Ti?n D?ng,,141,Niva,Niva,422000044,Kh?u trang N95-Cup AC95-20pcs,42.20,Kh?u trang,,,Thùng,Thùng,H?p,H?p,12,,4914288,409524,4914288,409524,5,5,,,17/08/2022 00:00:00,,
62331a09fae15494129a3cb2,17/03/2022,Anh Nhi?m,01/08/2025,?inh Ti?n D?ng,,142,Niva,Niva,422000054,Kh?u trang Niva 4D ng??i l?n màu tr?ng 25pcs,42.20,Kh?u trang,,,Thùng,Thùng,H?p,H?p,60,,2045400,34090,2045400,34090,8,8,,,17/08/2022 00:00:00,,
62331a09fae15494129a3cb3,17/03/2022,Anh Nhi?m,01/07/2025,?inh Ti?n D?ng,,143,Niva,Niva,422000055,Kh?u trang Niva 4D ng??i l?n màu ?en 25pcs,42.20,Kh?u trang,,,Thùng,Thùng,H?p,H?p,60,,2045400,34090.91,2045400,34090,8,8,,,17/08/2022 00:00:00,,
62331a09fae15494129a3cb4,17/03/2022,Anh Nhi?m,01/07/2025,?inh Ti?n D?ng,,144,Niva,Niva,422000056,Kh?u trang Niva 4D ng??i l?n màu tr?ng 10pcs,42.20,Kh?u trang,,,Thùng,Thùng,Gói,Gói,200,,2909090,14545.45,2909090,14545,8,8,,,17/08/2022 00:00:00,,
62331a09fae15494129a3cb5,17/03/2022,Anh Nhi?m,01/07/2025,?inh Ti?n D?ng,,145,Niva,Niva,422000057,Kh?u trang Niva 4D ng??i l?n màu ?en 10pcs,42.20,Kh?u trang,,,Thùng,Thùng,Gói,Gói,200,,2909090,14545.45,2909090,14545,8,8,,,17/08/2022 00:00:00,,
62331a09fae15494129a3cb6,17/03/2022,Anh Nhi?m,01/07/2025,?inh Ti?n D?ng,,146,Niva,Niva,422000058,Kh?u trang Niva 4DK tr? em in hình 25pcs,42.20,Kh?u trang,,,Thùng,Thùng,H?p,H?p,74,,2522727.34,34090.91,2522727,34090,8,8,,,17/08/2022 00:00:00,,
62331a09fae15494129a3cb7,17/03/2022,Anh Nhi?m,01/07/2025,?inh Ti?n D?ng,,147,Niva,Niva,422000059,Kh?u trang Niva 4DK tr? em màu tr?ng 10pcs,42.20,Kh?u trang,,,Thùng,Thùng,Gói,Gói,240,,3490908,14545.45,3490908,14545,8,8,,,17/08/2022 00:00:00,,
6260c682fae15494129a4cd5,21/04/2022,Lê V?n C?,30/08/2025,?inh Ti?n D?ng,,148,Niva,Niva,422000060,Kh?u trang niva 4DK tr? em màu tr?ng 25pcs,42.20,Kh?u trang,,,Thùng,Thùng,H?p,H?p,74,,2522727.34,34090.91,2522727,34090,8,8,,,17/08/2022 00:00:00,,
62f0e36d9dbfcd449d3206a0,08/08/2022,Lê V?n C?,01/07/2025,?inh Ti?n D?ng,,149,Niva,Niva,429800080,Mua 1 gói kh?n ??t Niva 80 t? t?ng 1 túi t?m bông AZ3,42.10,Kh?n,,,L?c,L?c,B?,B?,4,,101820,25455,101820,25455,8,8,,,08/08/2022 00:00:00,,
62ce8d769f0175746ee03924,13/07/2022,Lê V?n C?,01/07/2025,?inh Ti?n D?ng,,150,Niva,Niva,429800150,"Mua 1 gói kh?n ??t Niva 80 t? t?ng 1 






gói kh?n ??t Niva 30 t?",42.12,Kh?n ??t,,,Thùng,Thùng,B?,B?,12,,305460,25455,305460,25455,8,8,,,17/08/2022 00:00:00,,
681d839c18c9f0e0112d6c3f,09/05/2025,Nguy?n Quang D?ng,01/07/2025,?inh Ti?n D?ng,,140,Niva,Niva,429800164,Kh?u trang 3D-N95 h?p 10 chi?c b? 2 t?ng 1,42.20,Kh?u trang,,,Thùng,Thùng,B?,B?,27,,1851444,68572,1851444,68572,5,5,,,,,
62331a09fae15494129a3cb8,17/03/2022,Anh Nhi?m,01/07/2025,?inh Ti?n D?ng,,151,Niva,Niva,541400001,T?t th? thao nam l??i c? tr?n MS1,54.14,Th?i trang-Ph? ki?n.T?t,,,L?c,L?c,?ôi,?ôi,12,,327272.73,27272.73,327272,27272,10,10,,,17/08/2022 00:00:00,,
62331a09fae15494129a3cb9,17/03/2022,Anh Nhi?m,01/07/2025,?inh Ti?n D?ng,,152,Niva,Niva,541400002,T?t th? thao nam l??i c? tr?n MS2,54.14,Th?i trang-Ph? ki?n.T?t,,,L?c,L?c,?ôi,?ôi,12,,409090.91,34090.91,409090,34090,10,10,,,17/08/2022 00:00:00,x,
62331a09fae15494129a3cba,17/03/2022,Anh Nhi?m,01/07/2025,?inh Ti?n D?ng,,153,Niva,Niva,541400003,T?t th? thao nam xù c? trung MS3,54.14,Th?i trang-Ph? ki?n.T?t,,,L?c,L?c,?ôi,?ôi,12,,567272.73,47272.73,567272,47272,10,10,,,17/08/2022 00:00:00,x,
62331a09fae15494129a3cbb,17/03/2022,Anh Nhi?m,01/07/2025,?inh Ti?n D?ng,,154,Niva,Niva,541400004,T?t th? thao nam xù c? trung qu? trám MS4,54.14,Th?i trang-Ph? ki?n.T?t,,,L?c,L?c,?ôi,?ôi,12,,600000,50000,600000,50000,10,10,,,17/08/2022 00:00:00,x,
62331a09fae15494129a3cbc,17/03/2022,Anh Nhi?m,01/07/2025,?inh Ti?n D?ng,,155,Niva,Niva,541400005,T?t th? thao nam xù c? ng?n MS5,54.14,Th?i trang-Ph? ki?n.T?t,,,L?c,L?c,?ôi,?ôi,12,,490909.09,40909.09,490909,40909,10,10,,,17/08/2022 00:00:00,x,
62331a09fae15494129a3cbd,17/03/2022,Anh Nhi?m,01/07/2025,?inh Ti?n D?ng,,156,Niva,Niva,541400006,T?t công s? nam cotton MO1,54.14,Th?i trang-Ph? ki?n.T?t,,,L?c,L?c,?ôi,?ôi,12,,387272.73,32272.73,387272,32272,10,10,,,17/08/2022 00:00:00,x,
62331a09fae15494129a3cbe,17/03/2022,Anh Nhi?m,01/07/2025,?inh Ti?n D?ng,,157,Niva,Niva,541400007,T?t công s? nam Bamboo MO2,54.14,Th?i trang-Ph? ki?n.T?t,,,L?c,L?c,?ôi,?ôi,12,,480000,40000,480000,40000,10,10,,,17/08/2022 00:00:00,x,
62331a09fae15494129a3cbf,17/03/2022,Anh Nhi?m,01/07/2025,?inh Ti?n D?ng,,158,Niva,Niva,541400008,T?t công s? nam tr?n c? trung tr?n MO3,54.14,Th?i trang-Ph? ki?n.T?t,,,L?c,L?c,?ôi,?ôi,12,,540000,45000,540000,45000,10,10,,,17/08/2022 00:00:00,x,
62331a09fae15494129a3cc0,17/03/2022,Anh Nhi?m,01/07/2025,?inh Ti?n D?ng,,159,Niva,Niva,541400009,T?t công c? nam MO4,54.14,Th?i trang-Ph? ki?n.T?t,,,L?c,L?c,?ôi,?ôi,12,,490909.09,40909.09,490909,40909,10,10,,,17/08/2022 00:00:00,x,
62060f5cfae15494129a2bbf,11/02/2022,Anh Nhi?m,01/07/2025,?inh Ti?n D?ng,,160,Niva,Niva,541400010,T?t công s? nam MO5,54.14,Th?i trang-Ph? ki?n.T?t,,,L?c,L?c,?ôi,?ôi,12,,425454.55,35454.55,425454,35454,10,10,,,17/08/2022 00:00:00,x,
62060f5cfae15494129a2bc0,11/02/2022,Anh Nhi?m,01/07/2025,?inh Ti?n D?ng,,161,Niva,Niva,541400011,T?t công s? n? c? trung ch?m bi GO1,54.14,Th?i trang-Ph? ki?n.T?t,,,L?c,L?c,?ôi,?ôi,12,,55560,4630,55560,4630,10,10,,,17/08/2022 00:00:00,x,
62060f5cfae15494129a2bc1,11/02/2022,Anh Nhi?m,01/07/2025,?inh Ti?n D?ng,,162,Niva,Niva,541400012,T?t công s? n? c? trung tr?n GO2,54.14,Th?i trang-Ph? ki?n.T?t,,,L?c,L?c,?ôi,?ôi,12,,55560,4630,55560,4630,10,10,,,17/08/2022 00:00:00,x,
62060f5cfae15494129a2bc2,11/02/2022,Anh Nhi?m,01/07/2025,?inh Ti?n D?ng,,163,Niva,Niva,541400013,T?t N? Minas tr?n MN1,54.14,Th?i trang-Ph? ki?n.T?t,,,L?c,L?c,?ôi,?ôi,12,,55560,4630,55560,4630,10,10,,,17/08/2022 00:00:00,x,
62060f5cfae15494129a2bc3,11/02/2022,Anh Nhi?m,01/07/2025,?inh Ti?n D?ng,,164,Niva,Niva,541400014,T?t N? Minas ch?m b?  MN2,54.14,Th?i trang-Ph? ki?n.T?t,,,L?c,L?c,?ôi,?ôi,12,,55560,4630,55560,4630,10,10,,,17/08/2022 00:00:00,x,
62060f5cfae15494129a2bc4,11/02/2022,Anh Nhi?m,01/07/2025,?inh Ti?n D?ng,,165,Niva,Niva,541400015,T?t N? Minas k? khoang MN3,54.14,Th?i trang-Ph? ki?n.T?t,,,L?c,L?c,?ôi,?ôi,12,,55560,4630,55560,4630,10,10,,,17/08/2022 00:00:00,x,
62060f5cfae15494129a2bc5,11/02/2022,Anh Nhi?m,01/07/2025,?inh Ti?n D?ng,,166,Niva,Niva,541400016,T?t nam Ben ben BB1,54.14,Th?i trang-Ph? ki?n.T?t,,,L?c,L?c,?ôi,?ôi,12,,55560,4630,55560,4630,10,10,,,17/08/2022 00:00:00,x,
62060f5cfae15494129a2bc6,11/02/2022,Anh Nhi?m,01/07/2025,?inh Ti?n D?ng,,167,Niva,Niva,541400017,T?t nam Ben ben BB2,54.14,Th?i trang-Ph? ki?n.T?t,,,L?c,L?c,?ôi,?ôi,12,,400368,33364,400368,33364,10,10,,,17/08/2022 00:00:00,x,
62060f5cfae15494129a2bc7,11/02/2022,Anh Nhi?m,01/07/2025,?inh Ti?n D?ng,,168,Niva,Niva,541400018,T?t th? thao n? GS1,54.14,Th?i trang-Ph? ki?n.T?t,,,L?c,L?c,?ôi,?ôi,12,,55560,4630,55560,4630,10,10,,,17/08/2022 00:00:00,x,
62060f5cfae15494129a2bc8,11/02/2022,Anh Nhi?m,01/07/2025,?inh Ti?n D?ng,,169,Niva,Niva,541400019,T?t th? thao n? GS2,54.14,Th?i trang-Ph? ki?n.T?t,,,L?c,L?c,?ôi,?ôi,12,,55560,4630,55560,4630,10,10,,,17/08/2022 00:00:00,x,
62060f5cfae15494129a2bc9,11/02/2022,Anh Nhi?m,01/07/2025,?inh Ti?n D?ng,,170,Niva,Niva,541400020,T?t th? thao n? GS3,54.14,Th?i trang-Ph? ki?n.T?t,,,L?c,L?c,?ôi,?ôi,12,,55560,4630,55560,4630,10,10,,,17/08/2022 00:00:00,x,
,,,,,,,,,,,,,,,,,,,,,,,,,,,,,,,
